TIPID,Municipalities,Allocation,ID,LineItemName,FY18GasTax,FY18RICAPHIP,FY18RIHMA,FY18RICAPprojects,FY18RICAPfacilities,FY18ProjectCloseouts,FY18IWAYLandSales,FY18GARVEE,FY18TollRevenue,FY18RailwayProgram,FY18HSIP,FY18TAP,FY18NHPP,FY18CMAQ,FY18Planning,FY18STP,FY18NationalFreight,FY18NHTSA,FY18FTA,FY18Earmarks,FY18TollCredits,FY18TransitBond
5005.0,Barrington,0.0,310.0,,,,0.0,,,,,,,,,,,,,,,,,0.0,0.0,0.0
5012.0,"Central Falls, Cumberland",0.0,631.0,,,,,,,,,,,,,,,,,,,,,0.0,0.0,0.0
5013.0,"Central Falls, Cumberland, Pawtucket",0.0,632.0,,,,,,,,,,,,,,,,,,,,,0.0,0.0,0.0
5016.0,Charlestown,0.0,633.0,,,,,,,,,,,,,,,,,,,,,0.0,0.0,0.0
5017.0,Coventry,0.0,634.0,,,,,,,,,,,,,,,,,,,,,0.0,0.0,0.0
5045.0,E. Providence,0.0,339.0,,,,0.0,,,,,,,,,,,,,,,,,0.0,0.0,0.0
5047.0,E. Providence,0.0,639.0,,,,,,,,,,,,,,,,,,,,,0.0,0.0,0.0
5060.0,Jamestown,0.0,348.0,,,,0.0,,,,,,,,,,,,,,,,,0.0,0.0,0.0
5061.0,Jamestown,0.0,349.0,,,,,,,,,,,,,,,,,0.0,,,,0.0,0.0,0.0
5062.0,Jamestown,0.0,641.0,,,,,,,,,,,,,,,,,,,,,0.0,0.0,0.0
5065.0,Johnston,0.0,644.0,,,,,,,,,,,,,,,,,,,,,0.0,0.0,0.0
5066.0,"Johnston, N. Providence",0.0,645.0,,,,,,,,,,,,,,,,,,,,,0.0,0.0,0.0
5078.0,"Middletown, Newport, Portsmouth",0.0,355.0,,,,0.0,,,,,,,,,,,,,,,,,0.0,0.0,0.0
5079.0,"Middletown, Portsmouth",0.0,648.0,,,,,,,,,,,,,,,,,,,,,0.0,0.0,0.0
5080.0,"Middletown, Portsmouth",0.0,649.0,,,,,,,,,,,,,,,,,,,,,0.0,0.0,0.0
5081.0,"Middletown, Portsmouth",0.0,650.0,,,,,,,,,,,,,,,,,,,,,0.0,0.0,0.0
5089.0,Narragansett,1.0,359.0,,,,1.0,,,,,,,,,,,,,,,,,0.0,0.0,0.0
5110.0,Newport,0.0,655.0,,,,,,,,,,,,,,,,,,,,,0.0,0.0,0.0
5124.0,N. Kingstown,0.0,659.0,,,,,,,,,,,,,,,,,,,,,0.0,0.0,0.0
5132.0,Pawtucket,0.0,661.0,,,,,,,,,,,,,,,,,,,,,0.0,0.0,0.0
5153.0,Pawtucket,0.0,663.0,,,,,,,,,,,,,,,,,,,,,0.0,0.0,0.0
5157.0,Pawtucket,0.0,409.0,,,,0.0,,,,,,,,,,,,,,,,,0.0,0.0,0.0
5161.0,Portsmouth,0.0,412.0,,,,0.0,,,,,,,,,,,,,,,,,0.0,0.0,0.0
5162.0,Portsmouth,0.0,413.0,,,,0.0,,,,,,,,,,,,,,,,,0.0,0.0,0.0
5163.0,Portsmouth,0.0,664.0,,,,,,,,,,,,,,,,,,,,,0.0,0.0,0.0
5178.0,Providence,1.0,424.0,,,,1.0,,,,,,,,,,,,,,,,,0.0,0.0,0.0
5189.0,Providence,0.0,666.0,,,,,,,,,,,,,,,,,,,,,0.0,0.0,0.0
5198.0,Providence,0.0,668.0,,,,,,,,,,,,,,,,,,,,,0.0,0.0,0.0
5199.0,Providence,0.0,438.0,,,,0.0,,,,,,,,,,,,,,,,,0.0,0.0,0.0
5206.0,Providence,0.0,670.0,,,,,,,,,,,,,,,,,,,,,0.0,0.0,0.0
5212.0,Providence,0.0,445.0,,,,0.0,,,,,,,,,,,,,,,,,0.0,0.0,0.0
5215.0,"Providence, Cranston",0.0,447.0,,,,0.0,,,,,,,,,,,,,,,,,0.0,0.0,0.0
5239.0,"Smithfield, Burrillville, N. Smithfield",0.0,677.0,,,,,,,,,,,,,,,,,,,,,0.0,0.0,0.0
5245.0,S. Kingstown,0.0,679.0,,,,,,,,,,,,,,,,,,,,,0.0,0.0,0.0
5247.0,S. Kingstown,0.0,680.0,,,,,,,,,,,,,,,,,,,,,0.0,0.0,0.0
5263.0,Tiverton,0.0,684.0,,,,,,,,,,,,,,,,,,,,,0.0,0.0,0.0
5271.0,Warren,0.0,486.0,,,,0.0,,,,,,,,,,,,,,,,,0.0,0.0,0.0
5280.0,Warwick,0.0,686.0,,,,,,,,,,,,,,,,,,,,,0.0,0.0,0.0
5282.0,"Warwick, E. Greenwich",,,,,,,,,,,,,,,,,,,,,,,,,
5291.0,Westerly,0.0,502.0,,,,,,,,,,,,,,,,,0.0,,,,0.0,0.0,0.0
5293.0,Woonsocket,1.61,503.0,,,,0.4,,,,,,,,,1.21,,,,,,,,0.0,0.0,0.0
5318.0,Woonsocket; N. Smithfield,0.0,523.0,,,,0.0,,,,,,,,,,,,,,,,,0.0,0.0,0.0
5319.0,Woonsocket; N. Smithfield,0.0,524.0,,,,0.0,,,,,,,,,,,,,,,,,0.0,0.0,0.0
5320.0,Woonsocket; N. Smithfield,0.0,525.0,,,,0.0,,,,,,,,,,,,,,,,,0.0,0.0,0.0
9001.0,Coventry,0.0,596.0,,,,0.0,,,,,,,,,,,,,,,,,0.0,0.0,0.0
9002.0,Coventry,0.0,597.0,,,,0.0,,,,,,,,,,,,,,,,,0.0,0.0,0.0
9003.0,Newport,0.0,598.0,,,,0.0,,,,,,,,,,,,,,,,,0.0,0.0,0.0
9004.0,Newport,0.0,691.0,,,,,,,,,,,,,,,,,,,,,0.0,0.0,0.0
9005.0,"Portsmouth, Middletown",0.0,599.0,,,,0.0,,,,,,,,,,,,,,,,,0.0,0.0,0.0
9006.0,"Portsmouth, Middletown",0.0,692.0,,,,,,,,,,,,,,,,,,,,,0.0,0.0,0.0
5007.0,Bristol,0.0,311.0,,,,0.0,,,,,,,,,,,,,,,,,0.0,0.0,0.0
5014.0,Charlestown,0.0,316.0,,,,0.0,,,,,,,,,,,,,,,,,0.0,0.0,0.0
5028.0,Cranston,0.0,326.0,,,,,,,,,,,,0.0,,,,,,,,,0.0,0.0,0.0
5093.0,Narragansett,0.0,653.0,,,,,,,,,,,,,,,,,,,,,0.0,0.0,0.0
5094.0,Narragansett,0.0,654.0,,,,,,,,,,,,,,,,,,,,,0.0,0.0,0.0
5095.0,New Shoreham,0.0,363.0,,,,0.0,,,,,,,,,,,,,,,,,0.0,0.0,0.0
5114.0,N. Kingstown,0.0,379.0,,,,0.0,,,,,,,,,,,,,,,,,0.0,0.0,0.0
5155.0,Pawtucket,0.25,407.0,,,,0.25,,,,,,,,,,,,,,,,,0.0,0.0,0.0
5156.0,Pawtucket,0.0,408.0,,,,0.0,,,,,,,,,,,,,,,,,0.0,0.0,0.0
5171.0,Portsmouth,0.0,420.0,,,,0.0,,,,,,,,,,,,,,,,,0.0,0.0,0.0
5217.0,Providence,0.0,448.0,,,,0.0,,,,,,,,,,,,,,,,,0.0,0.0,0.0
5250.0,S. Kingstown,0.0,681.0,,,,,,,,,,,,,,,,,,,,,0.0,0.0,0.0
5251.0,S. Kingstown,0.0,682.0,,,,,,,,,,,,,,,,,,,,,0.0,0.0,0.0
5252.0,S. Kingstown,0.0,683.0,,,,,,,,,,,,,,,,,,,,,0.0,0.0,0.0
5260.0,Tiverton,0.0,476.0,,,,0.0,,,,,,,,,,,,,,,,,0.0,0.0,0.0
5275.0,Warwick,0.0,685.0,,,,,,,,,,,,,,,,,,,,,0.0,0.0,0.0
5286.0,Westerly,0.0,497.0,,,,0.0,,,,,,,,,,,,,,,,,0.0,0.0,0.0
5292.0,Westerly,0.0,688.0,,,,,,,,,,,,,,,,,,,,,0.0,0.0,0.0
5307.0,Woonsocket,0.0,514.0,,,,0.0,,,,,,,,,,,,,,,,,0.0,0.0,0.0
1460.0,Providence,0.9,194.0,,,,0.1,,,,,,,,0.4,,,,,,,,,0.4,0.0,0.0
5003.0,Barrington,0.0,629.0,,,,,,,,,,,,,,,,,,,,,0.0,0.0,0.0
5006.0,Barrington,0.0,630.0,,,,,,,,,,,,,,,,,,,,,0.0,0.0,0.0
5058.0,Hopkinton,0.0,347.0,,,,0.0,,,,,,,,,,,,,,,,,0.0,0.0,0.0
5063.0,Jamestown,0.0,642.0,,,,,,,,,,,,,,,,,,,,,0.0,0.0,0.0
5072.0,Middletown,0.0,354.0,,,,0.0,,,,,,,,,,,,,,,,,0.0,0.0,0.0
5096.0,New Shoreham,1.22,364.0,,,,1.22,,,,,,,,,,,,,,,,,0.0,0.0,0.0
5097.0,New Shoreham,0.0,365.0,,,,,,,,,,,,,,,,,0.0,,,,0.0,0.0,0.0
5098.0,New Shoreham,0.0,366.0,,,,,,,,,,,,,,,,,0.0,,,,0.0,0.0,0.0
5105.0,Newport,0.0,373.0,,,,0.0,,,,,,,,,,,,,,,,,0.0,0.0,0.0
5106.0,Newport,0.0,374.0,,,,,,,,,,,,,,0.0,,,,,,,0.0,0.0,0.0
5107.0,Newport,0.0,375.0,,,,,,,,,,,,,,,,,0.0,,,,0.0,0.0,0.0
5108.0,Newport,0.0,376.0,,,,0.0,,,,,,,,,,,,,,,,,0.0,0.0,0.0
5112.0,Newport,0.0,378.0,,,,,,,,,,,,,,,,,,,,,0.0,0.0,0.0
5120.0,N. Kingstown,0.0,381.0,,,,0.0,,,,,,,,,,,,,,,,,0.0,0.0,0.0
5125.0,N. Kingstown,0.0,384.0,,,,,,,,,,,,,,,,,,,,,0.0,0.0,0.0
5127.0,N. Kingstown,0.0,660.0,,,,,,,,,,,,,,,,,,,,,0.0,0.0,0.0
5164.0,Portsmouth,0.0,414.0,,,,0.0,,,,,,,,,,,,,,,,,0.0,0.0,0.0
5166.0,Portsmouth,0.28,416.0,,,,0.28,,,,,,,,,,,,,,,,,0.0,0.0,0.0
5182.0,Providence,0.0,428.0,,,,0.0,,,,,,,,,,,,,,,,,0.0,0.0,0.0
5183.0,Providence,0.94,429.0,,,,0.94,,,,,,,,,,,,,,,,,0.0,0.0,0.0
5188.0,Providence,0.0,665.0,,,,,,,,,,,,,,,,,,,,,0.0,0.0,0.0
5192.0,Providence,0.0,667.0,,,,,,,,,,,,,,,,,,,,,0.0,0.0,0.0
5193.0,Providence,0.0,434.0,,,,,,,,,,,,,,,,,0.0,,,,0.0,0.0,0.0
5194.0,Providence,0.0,435.0,,,,,,,,,,,,0.0,,,,,,,,,0.0,0.0,0.0
5200.0,Providence,0.0,439.0,,,,0.0,,,,,,,,,,,,,,,,,0.0,0.0,0.0
5202.0,Providence,0.0,441.0,,,,0.0,,,,,,,,,,,,,,,,,0.0,0.0,0.0
5207.0,Providence,0.0,671.0,,,,,,,,,,,,,,,,,,,,,0.0,0.0,0.0
5210.0,Providence,0.0,673.0,,,,,,,,,,,,,,,,,,,,,0.0,0.0,0.0
5211.0,Providence,0.0,674.0,,,,,,,,,,,,,,,,,,,,,0.0,0.0,0.0
5223.0,Scituate,0.0,675.0,,,,,,,,,,,,,,,,,,,,,0.0,0.0,0.0
5229.0,Smithfield,0.0,457.0,,,,,,,,,,,,,,,,,0.0,,,,0.0,0.0,0.0
5231.0,Smithfield,0.0,459.0,,,,,,,,,,,,,,,,,0.0,,,,0.0,0.0,0.0
5232.0,Smithfield,0.0,460.0,,,,,,,,,,,,,,,,,0.0,,,,0.0,0.0,0.0
5235.0,Smithfield,0.0,676.0,,,,,,,,,,,,,,,,,,,,,0.0,0.0,0.0
5236.0,Smithfield,0.0,463.0,,,,,,,,,,,,,,,,,0.0,,,,0.0,0.0,0.0
5243.0,S. Kingstown,0.0,678.0,,,,,,,,,,,,,,,,,,,,,0.0,0.0,0.0
5268.0,Warren,0.0,483.0,,,,0.0,,,,,,,,,,,,,,,,,0.0,0.0,0.0
5269.0,Warren,0.0,484.0,,,,,,,,,,,,,,,,,,,,,0.0,0.0,0.0
5270.0,Warren,0.0,485.0,,,,,,,,,,,,,,,,,,,,,0.0,0.0,0.0
5309.0,Woonsocket,0.0,515.0,,,,,,,,,,,,,,,,,0.0,,,,0.0,0.0,0.0
9007.0,"Central Falls, Cumberland, Pawtucket",1.65,600.0,,,,1.65,,,,,,,,,,,,,,,,,0.0,0.0,0.0
5020.0,Coventry,0.0,635.0,,,,,,,,,,,,,,,,,,,,,0.0,0.0,0.0
5068.0,Lincoln,0.0,646.0,,,,,,,,,,,,,,,,,,,,,0.0,0.0,0.0
5253.0,Statewide,0.578,470.0,,,,0.578,,,,,,,,,,,,,,,,,0.0,0.0,0.0
5295.0,"Woonsocket, N. Smithfield, Lincoln, Central Falls, Cumberland, Pawtucket, Providence",0.0,689.0,,,,,,,,,,,,,,,,,,,,,0.0,0.0,0.0
5001.0,Barrington,0.126,307.0,,,,0.126,,,,,,,,,,,,,,,,,0.0,0.0,0.0
5002.0,Barrington,0.144,308.0,,,,0.144,,,,,,,,,,,,,,,,,0.0,0.0,0.0
5021.0,Cranston,0.147,320.0,,,,0.147,,,,,,,,,,,,,,,,,0.0,0.0,0.0
5039.0,E. Providence,0.096,335.0,,,,0.096,,,,,,,,,,,,,,,,,0.0,0.0,0.0
5040.0,E. Providence,0.051,336.0,,,,0.051,,,,,,,,,,,,,,,,,0.0,0.0,0.0
5059.0,Jamestown,0.0,640.0,,,,,,,,,,,,,,,,,,,,,0.0,0.0,0.0
5088.0,Narragansett,0.24,358.0,,,,0.24,,,,,,,,,,,,,,,,,0.0,0.0,0.0
5109.0,Newport,0.0,377.0,,,,0.0,,,,,,,,,,,,,,,,,0.0,0.0,0.0
5150.0,Pawtucket,0.0,662.0,,,,,,,,,,,,,,,,,,,,,0.0,0.0,0.0
5203.0,Providence,0.0,669.0,,,,,,,,,,,,,,,,,,,,,0.0,0.0,0.0
5224.0,Smithfield,0.081,454.0,,,,0.081,,,,,,,,,,,,,,,,,0.0,0.0,0.0
5267.0,Warren,0.51,482.0,,,,0.51,,,,,,,,,,,,,,,,,0.0,0.0,0.0
5285.0,Westerly,0.261,496.0,,,,0.261,,,,,,,,,,,,,,,,,0.0,0.0,0.0
5294.0,Woonsocket,0.117,504.0,,,,0.117,,,,,,,,,,,,,,,,,0.0,0.0,0.0
5011.0,"Pawtucket, Central Falls",3.53,315.0,,,,0.83,,,,,,,,,,,,,,,,2.7,0.0,0.0,0.0
5064.0,Jamestown,0.0,643.0,,,,,,,,,,,,,,,,,,,,,0.0,0.0,0.0
5073.0,"Middletown, Newport, Portsmouth",0.0,647.0,,,,,,,,,,,,,,,,,,,,,0.0,0.0,0.0
5111.0,Newport,0.0,656.0,,,,,,,,,,,,,,,,,,,,,0.0,0.0,0.0
5113.0,"Newport, Middletown, Portsmouth, Providence",0.0,657.0,,,,,,,,,,,,,,,,,,,,,0.0,0.0,0.0
5195.0,Providence,0.0,436.0,,,,,,,,,,,,,,0.0,,,,,,,0.0,0.0,0.0
5204.0,Providence,0.0,442.0,,,,,,,,,,,,,,,,,,,,,0.0,0.0,0.0
5208.0,Providence,0.0,672.0,,,,,,,,,,,,,,,,,,,,,0.0,0.0,0.0
5249.0,S. Kingstown,0.0,469.0,,,,0.0,,,,,,,,,,,,,,,,,0.0,0.0,0.0
5254.0,Statewide,0.0,471.0,,,,,,,,,,,,,,,,,,,,,0.0,0.0,0.0
5255.0,Statewide,0.0,472.0,,,,,,,,,,,,,,,,,,,,,0.0,0.0,0.0
5256.0,Statewide,0.0,473.0,,,,0.0,,,,,,,,,,,,,,,,,0.0,0.0,0.0
5308.0,Woonsocket,0.0,690.0,,,,,,,,,,,,,,,,,,,,,0.0,0.0,0.0
5325.0,S. Kingstown,,,,,,,,,,,,,,,,,,,,,,,,,
9008.0,Statewide,0.0,693.0,,,,,,,,,,,,,,,,,,,,,0.0,0.0,0.0
9009.0,Statewide,0.0,694.0,,,,,,,,,,,,,,,,,,,,,0.0,0.0,0.0
7109.0,Statewide,1.0,538.0,,1.0,,,,,,,,,,,,,,,,,,,0.0,0.0,0.0
1296.0,Barrington,2.45,60.0,,,,,,,,,,,,,,,,,2.45,,,,0.0,0.0,0.0
1297.0,Barrington,0.0,61.0,,,,,,,,,,,,,,0.0,,,,,,,0.0,0.0,0.0
5004.0,Barrington,0.0,309.0,,,,,,,,,,,,,,,,,,,,,0.0,0.0,0.0
1290.0,"Barrington, E. Providence",0.0,54.0,,,,,,,,,,,,,,0.0,,,,,,,0.0,0.0,0.0
1298.0,"Barrington, E. Providence",0.0,62.0,,,,,,,,,,,,,,0.0,,,,,,,0.0,0.0,0.0
1300.0,Bristol,0.0,64.0,,,,,,,,,,,,,,0.0,,,,,,,0.0,0.0,0.0
2001.0,"Pawtucket, Central Falls",,,,,,,,,,,,,,,,,,,,,,,,,
1301.0,Bristol,0.0,65.0,,,,,,,,,,,,,,0.0,,,,,,,0.0,0.0,0.0
1299.0,Bristol,0.0,63.0,,,,,,,,,,,,,,0.0,,,,,,,0.0,0.0,0.0
1302.0,Burrillville,0.1,66.0,,,,,,,,,,,,,,,,,0.1,,,,0.0,0.0,0.0
1304.0,Burrillville,0.0,67.0,,,,,,,,,,,,,,,,,0.0,,,,0.0,0.0,0.0
5009.0,Burrillville,0.0,313.0,,,,,,,,,,,,,,,,,0.0,,,,0.0,0.0,0.0
5008.0,Burrillville,0.0,312.0,,,,,,,,,,,,,,,,,0.0,,,,0.0,0.0,0.0
1305.0,Central Falls,0.0,68.0,,,,,,,,,,,,,,0.0,,,,,,,0.0,0.0,0.0
1306.0,"Central Falls, Pawtucket",0.0,69.0,,,,,,,,,,,,,,0.0,,,,,,,0.0,0.0,0.0
1307.0,"Central Falls, Pawtucket, Cumberland",0.0,70.0,,,,,,,,,,,,,,0.0,,,,,,,0.0,0.0,0.0
1317.0,"Central Falls, Pawtucket, Cumberland",0.0,78.0,,,,,,,,,,,,,,0.0,,,,,,,0.0,0.0,0.0
1308.0,Charlestown,0.0,71.0,,,0.0,,,,,,,,,,,,,,,,,,0.0,0.0,0.0
1311.0,Coventry,0.0,73.0,,,0.0,,,,,,,,,,,,,,,,,,0.0,0.0,0.0
1309.0,Coventry,0.0,72.0,,,0.0,,,,,,,,,,,,,,,,,,0.0,0.0,0.0
5018.0,Coventry,0.0,318.0,,,,,,,,,,,,,,0.0,,,,,,,0.0,0.0,0.0
5019.0,Coventry,0.0,319.0,,,,,,,,,,,,,,0.0,,,,,,,0.0,0.0,0.0
1313.0,"Coventry, W. Warwick",0.0,74.0,,,,,,,,,,,,,,0.0,,,,,,,0.0,0.0,0.0
1314.0,Cranston,0.35,75.0,,,,,,,,,,,,,,0.35,,,,,,,0.0,0.0,0.0
1315.0,Cranston,0.0,76.0,,,,,,,,,,,,,,,,,0.0,,,,0.0,0.0,0.0
5026.0,Cranston,0.0,324.0,,,,,,,,,,,,,,,,,,,,,0.0,0.0,0.0
5027.0,Cranston,0.0,325.0,,,,,,,,,,,,,,,,,0.0,,,,0.0,0.0,0.0
1318.0,Cumberland,0.0,79.0,,,,,,,,,,,,,,0.0,,,,,,,0.0,0.0,0.0
1319.0,Cumberland,0.0,80.0,,,0.0,,,,,,,,,,,,,,,,,,0.0,0.0,0.0
1321.0,Cumberland,0.0,81.0,,,,,,,,,,,,,,0.0,,,,,,,0.0,0.0,0.0
1322.0,Cumberland,0.0,82.0,,,,,,,,,,,,,,,,,0.0,,,,0.0,0.0,0.0
5031.0,Cumberland,0.0,329.0,,,,,,,,,,,,,,,,,0.0,,,,0.0,0.0,0.0
1284.0,E. Greenwich,0.0,49.0,,,,,,,,,,,,,,0.0,,,,,,,0.0,0.0,0.0
5038.0,E. Greewich,0.0,334.0,,,,,,,,,,,,,,0.0,,,,,,,0.0,0.0,0.0
1323.0,E. Providence,0.4,83.0,,,,,,,,,,,,,,0.4,,,,,,,0.0,0.0,0.0
1325.0,E. Providence,0.0,85.0,,,,,,,,,,,,,,0.0,,,,,,,0.0,0.0,0.0
1326.0,E. Providence,0.0,86.0,,,,,,,,,,,,,,0.0,,,,,,,0.0,0.0,0.0
1272.0,E. Providence,0.0,39.0,,,,,,,,,,,,,,0.0,,,,,,,0.0,0.0,0.0
1273.0,E. Providence,0.0,40.0,,,,,,,,,,,,,,0.0,,,,,,,0.0,0.0,0.0
1295.0,E. Providence,0.0,59.0,,,,,,,,,,,,,,0.0,,,,,,,0.0,0.0,0.0
1324.0,E. Providence,0.0,84.0,,,,,,,,,,,,,,,,,0.0,,,,0.0,0.0,0.0
5050.0,E. Providence,0.0,343.0,,,,,,,,,,,,,,,,,,,,,0.0,0.0,0.0
5048.0,E. Providence,0.0,341.0,,,,,,,,,,,,,,,,,,,,,0.0,0.0,0.0
5041.0,E. Providence,0.0,337.0,,,,,,,,,,,,,,,,,,,,,0.0,0.0,0.0
5046.0,E. Providence,0.0,340.0,,,,,,,,,,,,,,,,,0.0,,,,0.0,0.0,0.0
5049.0,E. Providence,0.0,342.0,,,,,,,,,,,,,,,,,,,,,0.0,0.0,0.0
1327.0,"Foster, Glocester",0.0,87.0,,,,,,,,,,,,,,,,,0.0,,,,0.0,0.0,0.0
1579.0,"Foster, Scituate",0.0,306.0,,,,,,,,,,,,,,0.0,,,,,,,0.0,0.0,0.0
1328.0,Glocester,3.5,88.0,,,,,,,,,,,,,,3.5,,,,,,,0.0,0.0,0.0
1329.0,Glocester,0.0,89.0,,,,,,,,,,,,,,,,,0.0,,,,0.0,0.0,0.0
1330.0,Glocester,0.0,90.0,,,,,,,,,,,,,,0.0,,,,,,,0.0,0.0,0.0
1333.0,Hopkinton,0.0,93.0,,,0.0,,,,,,,,,,,,,,,,,,0.0,0.0,0.0
1331.0,Hopkinton,0.0,91.0,,,,,,,,,,,,,,0.0,,,,,,,0.0,0.0,0.0
1334.0,Hopkinton,0.0,94.0,,,,,,,,,,,,,,,,,0.0,,,,0.0,0.0,0.0
1332.0,Hopkinton,0.0,92.0,,,,,,,,,,,,,,,,,0.0,,,,0.0,0.0,0.0
1316.0,Hopkinton,0.0,77.0,,,,,,,,,,,,,,,,,0.0,,,,0.0,0.0,0.0
9501.0,Hopkinton,0.0,619.0,,,,,,,,,,,,,,,,,0.0,,,,0.0,0.0,0.0
5057.0,Hopkinton,0.0,346.0,,,,,,,,,,,,,,,,,0.0,,,,0.0,0.0,0.0
1335.0,"Hopkinton, Richmond",2.0,95.0,,,,,,,1.9,,,,,,,,,,0.1,,,,0.0,0.0,0.0
1336.0,Jamestown,0.0,96.0,,,,,,,,,,,,,,,,,0.0,,,,0.0,0.0,0.0
1340.0,Johnston,0.0,100.0,,,,,,,,,,,,,,0.0,,,,,,,0.0,0.0,0.0
1337.0,Johnston,0.0,97.0,,,,,,,,,,,,,,0.0,,,,,,,0.0,0.0,0.0
1339.0,Johnston,0.1,99.0,,,,,,,,,,,,,,,,,0.1,,,,0.0,0.0,0.0
1338.0,Johnston,0.0,98.0,,,,,,,,,,,,,,,,,0.0,,,,0.0,0.0,0.0
1341.0,"Johnston, Smithfield",0.0,101.0,,,,,,,,,,,,,,0.0,,,,,,,0.0,0.0,0.0
1275.0,"Johnston, Smithfield, Lincoln",0.0,42.0,,,,,,,,,,,,,,0.0,,,,,,,0.0,0.0,0.0
1342.0,Lincoln,0.0,102.0,,,,,,,,,,,,,,,,,0.0,,,,0.0,0.0,0.0
1343.0,Lincoln,0.1,103.0,,,0.1,,,,,,,,,,,,,,,,,,0.0,0.0,0.0
1346.0,Lincoln,0.0,104.0,,,,,,,,,,,,,,,,,0.0,,,,0.0,0.0,0.0
1347.0,Lincoln,0.0,105.0,,,,,,,,,,,,,,,,,0.0,,,,0.0,0.0,0.0
1348.0,Lincoln,0.0,106.0,,,,,,,,,,,,,,0.0,,,,,,,0.0,0.0,0.0
1349.0,Lincoln,0.0,107.0,,,0.0,,,,,,,,,,,,,,,,,,0.0,0.0,0.0
1350.0,Lincoln,0.0,108.0,,,,,,,,,,,,,,,,,0.0,,,,0.0,0.0,0.0
1276.0,"Lincoln, Cumberland",0.0,43.0,,,,,,,,,,,,,,0.0,,,,,,,0.0,0.0,0.0
1292.0,"Lincoln, N. Smithfield",0.0,56.0,,,,,,,,,,,,,,0.0,,,,,,,0.0,0.0,0.0
1353.0,Little Compton,0.9,111.0,,,,,,,0.9,,,,,,,,,,,,,,0.0,0.0,0.0
1354.0,Little Compton,0.0,112.0,,,0.0,,,,,,,,,,,,,,,,,,0.0,0.0,0.0
1351.0,Little Compton,0.0,109.0,,,,,,,,,,,,,,,,,0.0,,,,0.0,0.0,0.0
1352.0,Little Compton,0.0,110.0,,,,,,,,,,,,,,,,,0.0,,,,0.0,0.0,0.0
1355.0,Middletown,0.0,113.0,,,,,,,,,,,,,,0.0,,,,,,,0.0,0.0,0.0
1357.0,Middletown,0.0,115.0,,,,,,,,,,,,,,0.0,,,,,,,0.0,0.0,0.0
1359.0,Middletown,0.0,117.0,,,,,,,,,,,,,,,,,0.0,,,,0.0,0.0,0.0
1358.0,Middletown,0.1,116.0,,,,,,,,,,,,,,,,,0.1,,,,0.0,0.0,0.0
5070.0,Middletown,0.0,352.0,,,,,,,,,,,,,,0.0,,,,,,,0.0,0.0,0.0
1360.0,"Middletown, Portsmouth",0.0,118.0,,,,,,,,,,,,,,0.0,,,,,,,0.0,0.0,0.0
1366.0,N. Kingstown,0.0,123.0,,,,,,,,,,,,,,0.0,,,,,,,0.0,0.0,0.0
1367.0,N. Kingstown,0.0,124.0,,,,,,,,,,,,,,0.0,,,,,,,0.0,0.0,0.0
1368.0,N. Kingstown,0.0,125.0,,,,,,,,,,,,,,0.0,,,,,,,0.0,0.0,0.0
1365.0,N. Kingstown,0.0,122.0,,,,,,,,,,,,,,0.0,,,,,,,0.0,0.0,0.0
5126.0,N. Kingstown,0.0,385.0,,,,,,,,,,,,,,0.0,,,,,,,0.0,0.0,0.0
5326.0,N. Kingstown,0.0,528.0,,,,,,,,,,,,,,0.0,,,,,,,0.0,0.0,0.0
5121.0,N. Kingstown,0.0,382.0,,,,,,,,,,,,,,,,,,,,,0.0,0.0,0.0
1283.0,"N. Kingstown, E. Greenwich",0.0,48.0,,,,,,,,,,,,,,0.0,,,,,,,0.0,0.0,0.0
5129.0,N. Providence,0.0,387.0,,,,,,,,,,,,,,,,,,,,,0.0,0.0,0.0
5130.0,N. Providence,0.0,388.0,,,,,,,,,,,,,,,,,0.0,,,,0.0,0.0,0.0
9502.0,N. Smithfield,0.0,620.0,,,,,,,,,,,,,,,,,0.0,,,,0.0,0.0,0.0
1293.0,N. Smithfield,0.0,57.0,,,,,,,,,,,,,,0.0,,,,,,,0.0,0.0,0.0
1369.0,N. Smithfield,0.0,126.0,,,,,,,,,,,,,,,,,0.0,,,,0.0,0.0,0.0
1370.0,N. Smithfield,0.0,127.0,,,,,,,,,,,,,,,,,0.0,,,,0.0,0.0,0.0
1371.0,"N. Smithfield, Lincoln",0.0,128.0,,,,,,,,,,,,,,,,,0.0,,,,0.0,0.0,0.0
1372.0,"N. Smithfield, Woonsocket",0.0,129.0,,,,,,,,,,,,,,,,,0.0,,,,0.0,0.0,0.0
1361.0,Narragansett,0.0,119.0,,,,,,,,,,,,,,,,,0.0,,,,0.0,0.0,0.0
1362.0,Narragansett,0.0,120.0,,,,,,,,,,,,,,0.0,,,,,,,0.0,0.0,0.0
5090.0,Narragansett,0.0,360.0,,,,,,,,,,,,,,,,,0.0,,,,0.0,0.0,0.0
5091.0,Narragansett,0.0,361.0,,,,,,,,,,,,,,,,,0.0,,,,0.0,0.0,0.0
5101.0,New Shoreham,0.0,369.0,,,,,,,,,,,,,,,,,0.0,,,,0.0,0.0,0.0
5100.0,New Shoreham,0.0,368.0,,,,,,,,,,,,,,,,,0.0,,,,0.0,0.0,0.0
5104.0,New Shoreham,0.0,372.0,,,,,,,,,,,,,,,,,0.0,,,,0.0,0.0,0.0
5099.0,New Shoreham,0.0,367.0,,,,,,,,,,,,,,,,,0.0,,,,0.0,0.0,0.0
5103.0,New Shoreham,0.0,371.0,,,,,,,,,,,,,,,,,0.0,,,,0.0,0.0,0.0
5102.0,New Shoreham,0.0,370.0,,,,,,,,,,,,,,,,,0.0,,,,0.0,0.0,0.0
9201.0,Newport,0.4,604.0,,,,,,,,,,,,,,,,,0.4,,,,0.0,0.0,0.0
1364.0,"Newport, Middletown",0.0,121.0,,,,,,,,,,,,,,0.0,,,,,,,0.0,0.0,0.0
1373.0,Pawtucket,3.2,130.0,,,,,,,,,,,,,,3.2,,,,,,,0.0,0.0,0.0
1271.0,Pawtucket,3.7,38.0,,,,,,,,,,,,,,3.7,,,,,,,0.0,0.0,0.0
1375.0,"Pawtucket, E. Providence",0.0,131.0,,,,,,,,,,,,,,0.0,,,,,,,0.0,0.0,0.0
9503.0,Portsmouth,0.0,621.0,,,,,,,,,,,,,,,,,0.0,,,,0.0,0.0,0.0
1377.0,Portsmouth,0.0,133.0,,,,,,,,,,,,,,,,,0.0,,,,0.0,0.0,0.0
1379.0,Portsmouth,0.0,135.0,,,,,,,,,,,,,,0.0,,,,,,,0.0,0.0,0.0
1380.0,Portsmouth,0.0,136.0,,,,,,,,,,,,,,0.0,,,,,,,0.0,0.0,0.0
1286.0,Portsmouth,4.0,51.0,,,,,,,,,,,,,,4.0,,,,,,,0.0,0.0,0.0
1376.0,Portsmouth,0.0,132.0,,,,,,,,,,,,,,0.0,,,,,,,0.0,0.0,0.0
1378.0,Portsmouth,3.0,134.0,,,,,,,,,,,,,,,,,,,,,3.0,0.0,0.0
1269.0,Providence,0.0,36.0,,,,,,,,,,,,,,0.0,,,,,,,0.0,0.0,0.0
1281.0,Providence,0.0,47.0,,,,,,,,,,,,,,0.0,,,,,,,0.0,0.0,0.0
1381.0,Providence,0.0,137.0,,,,,,,,,,,,,,0.0,,,,,,,0.0,0.0,0.0
1384.0,Providence,0.1,138.0,,,,,,,,,,,,,,0.1,,,,,,,0.0,0.0,0.0
1425.0,Providence,2.7,176.0,,,,,,,,,,,,,,,,,2.7,,,,0.0,0.0,0.0
5179.0,Providence,0.0,425.0,,,,,,,,,,,,,,,,,,,,,0.0,0.0,0.0
5191.0,Providence,0.0,433.0,,,,,,,,,,,,,,,,,0.0,,,,0.0,0.0,0.0
5209.0,Providence,0.0,444.0,,,,,,,,,,,,,,,,,0.0,,,,0.0,0.0,0.0
1285.0,"Providence, Cranston",0.0,50.0,,,,,,,,,,,,,,0.0,,,,,,,0.0,0.0,0.0
1280.0,"Providence, Johnston",0.0,46.0,,,,,,,,,,,,,,0.0,,,,,,,0.0,0.0,0.0
1291.0,"Providence, N. Providence, Lincoln",4.5,55.0,,,,,,,,,,,,,,4.5,,,,,,,0.0,0.0,0.0
1386.0,"Providence, Pawtucket",0.0,139.0,,,,,,,,,,,,,,0.0,,,,,,,0.0,0.0,0.0
1270.0,"Providence, Pawtucket",0.0,37.0,,,,,,,,,,,,,,0.0,,,,,,,0.0,0.0,0.0
1387.0,Richmond,0.0,140.0,,,0.0,,,,,,,,,,,,,,,,,,0.0,0.0,0.0
5218.0,Richmond,0.0,449.0,,,,,,,,,,,,,,,,,0.0,,,,0.0,0.0,0.0
5220.0,Richmond,0.0,451.0,,,,,,,,,,,,,,,,,,,,,0.0,0.0,0.0
1277.0,S. Kingstown,3.5,44.0,,,,,,,,,,,,,,3.5,,,,,,,0.0,0.0,0.0
1395.0,S. Kingstown,0.2,148.0,,,,,,,,,,,,,,,,,0.2,,,,0.0,0.0,0.0
1397.0,S. Kingstown,0.0,149.0,,,,,,,,,,,,,,0.0,,,,,,,0.0,0.0,0.0
1398.0,S. Kingstown,0.0,150.0,,,,,,,,,,,,,,0.0,,,,,,,0.0,0.0,0.0
1399.0,S. Kingstown,0.09,151.0,,,,,,,,,,,,,,0.09,,,,,,,0.0,0.0,0.0
1400.0,S. Kingstown,0.0,152.0,,,0.0,,,,,,,,,,,,,,,,,,0.0,0.0,0.0
5246.0,S. Kingstown,0.0,467.0,,,,,,,,,,,,,,0.0,,,,,,,0.0,0.0,0.0
5323.0,S. Kingstown,0.0,526.0,,,,,,,,,,,,,,,,,,,,,0.0,0.0,0.0
5324.0,S. Kingstown,0.0,527.0,,,,,,,,,,,,,,,,,,,,,0.0,0.0,0.0
1279.0,"S. Kingstown, N. Kingstown",0.0,45.0,,,,,,,,,,,,,,0.0,,,,,,,0.0,0.0,0.0
1576.0,"S. Kingstown, N. Kingstown, Exeter",0.0,304.0,,,,,,,,,,,,,,0.0,,,,,,,0.0,0.0,0.0
1401.0,"S. Kingstown, Narragansett",0.0,153.0,,,,,,,,,,,,,,0.0,,,,,,,0.0,0.0,0.0
1391.0,Scituate,0.0,144.0,,,,,,,,,,,,,,,,,0.0,,,,0.0,0.0,0.0
1392.0,Scituate,0.0,145.0,,,,,,,,,,,,,,,,,0.0,,,,0.0,0.0,0.0
1388.0,Scituate,0.1,141.0,,,,,,,,,,,,,,,,,0.1,,,,0.0,0.0,0.0
1389.0,Scituate,0.4,142.0,,,,,,,,,,,,,,,,,0.4,,,,0.0,0.0,0.0
1390.0,Scituate,0.0,143.0,,,,,,,,,,,,,,0.0,,,,,,,0.0,0.0,0.0
1393.0,"Scituate, Johnston",1.3,146.0,,,,,,,,,,,,,,1.3,,,,,,,0.0,0.0,0.0
5230.0,Smithfield,0.0,458.0,,,,,,,,,,,,,,0.0,,,,,,,0.0,0.0,0.0
5233.0,Smithfield,0.0,461.0,,,,,,,,,,,,,,,,,0.0,,,,0.0,0.0,0.0
5234.0,Smithfield,0.0,462.0,,,,,,,,,,,,,,,,,0.0,,,,0.0,0.0,0.0
5227.0,Smithfield,0.0,456.0,,,,,,,,,,,,,,0.0,,,,,,,0.0,0.0,0.0
5238.0,Smithfield,0.0,465.0,,,,,,,,,,,,,,0.0,,,,,,,0.0,0.0,0.0
1394.0,"Smithfield, N. Providence",0.0,147.0,,,,,,,,,,,,,,,,,0.0,,,,0.0,0.0,0.0
1578.0,"Smithfield, N. Smithfield, Burrillville, N. Providence",0.0,305.0,,,,,,,,,,,,,,0.0,,,,,,,0.0,0.0,0.0
1402.0,Tiverton,0.0,154.0,,,,,,,,,,,,,,0.0,,,,,,,0.0,0.0,0.0
1404.0,Tiverton,0.0,156.0,,,,,,,,,,,,,,,,,0.0,,,,0.0,0.0,0.0
1405.0,Tiverton,0.0,157.0,,,,,,,,,,,,,,,,,0.0,,,,0.0,0.0,0.0
1287.0,Tiverton,0.0,52.0,,,,,,,,,,,,,,0.0,,,,,,,0.0,0.0,0.0
1403.0,Tiverton,0.0,155.0,,,,,,,,,,,,,,,,,0.0,,,,0.0,0.0,0.0
5261.0,Tiverton,0.0,477.0,,,,,,,,,,,,,,,,,,,,,0.0,0.0,0.0
5257.0,Tiverton,0.0,474.0,,,,,,,,,,,,,,,,,0.0,,,,0.0,0.0,0.0
5259.0,Tiverton,0.0,475.0,,,,,,,,,,,,,,,,,0.0,,,,0.0,0.0,0.0
1417.0,W. Warwick,0.0,169.0,,,,,,,,,,,,,,,,,0.0,,,,0.0,0.0,0.0
1408.0,Warren,0.0,160.0,,,,,,,,,,,,,,0.0,,,,,,,0.0,0.0,0.0
1409.0,Warren,0.0,161.0,,,,,,,,,,,,,,0.0,,,,,,,0.0,0.0,0.0
1406.0,Warren,0.0,158.0,,,,,,,,,,,,,,,,,0.0,,,,0.0,0.0,0.0
1407.0,Warren,0.0,159.0,,,,,,,,,,,,,,,,,0.0,,,,0.0,0.0,0.0
6480.0,Warwick,,,,,,,,,,,,,,,,,,,,,,,,,
1294.0,Warwick,0.0,58.0,,,,,,,,,,,,,,0.0,,,,,,,0.0,0.0,0.0
9504.0,Warwick,0.0,622.0,,,,,,,,,,,,,,0.0,,,,,,,0.0,0.0,0.0
1410.0,Warwick,0.0,162.0,,,,,,,,,,,,,,0.0,,,,,,,0.0,0.0,0.0
1411.0,Warwick,0.0,163.0,,,,,,,,,,,,,,0.0,,,,,,,0.0,0.0,0.0
1412.0,Warwick,0.0,164.0,,,,,,,,,,,,,,0.0,,,,,,,0.0,0.0,0.0
1413.0,Warwick,0.0,165.0,,,,,,,,,,,,,,0.0,,,,,,,0.0,0.0,0.0
1414.0,Warwick,0.0,166.0,,,,,,,,,,,,,,0.0,,,,,,,0.0,0.0,0.0
1267.0,Warwick,0.0,34.0,,,,,,,,,,,,,,0.0,,,,,,,0.0,0.0,0.0
1268.0,Warwick,0.2,35.0,,,,,,,,,,,,,,0.2,,,,,,,0.0,0.0,0.0
5274.0,Warwick,0.0,489.0,,,,,,,,,,,,,,,,,0.0,,,,0.0,0.0,0.0
5273.0,Warwick,0.0,488.0,,,,,,,,,,,,,,0.0,,,,,,,0.0,0.0,0.0
1274.0,"Warwick, Cranston, Johnston",0.0,41.0,,,,,,,,,,,,,,0.0,,,,,,,0.0,0.0,0.0
1416.0,"Warwick, W. Warwick",0.0,168.0,,,,,,,,,,,,,,0.0,,,,,,,0.0,0.0,0.0
1415.0,"Warwick,Cranston",0.0,167.0,,,,,,,,,,,,,,0.0,,,,,,,0.0,0.0,0.0
1421.0,Westerly,0.0,173.0,,,,,,,,,,,,,,,,,0.0,,,,0.0,0.0,0.0
1420.0,Westerly,0.0,172.0,,,,,,,,,,,,,,0.0,,,,,,,0.0,0.0,0.0
1418.0,Westerly,0.0,170.0,,,,,,,,,,,,,,,,,0.0,,,,0.0,0.0,0.0
1289.0,Westerly,0.0,53.0,,,,,,,,,,,,,,0.0,,,,,,,0.0,0.0,0.0
1419.0,Westerly,0.0,171.0,,,,,,,,,,,,,,,,,0.0,,,,0.0,0.0,0.0
5289.0,Westerly,0.0,500.0,,,,,,,,,,,,,,,,,0.0,,,,0.0,0.0,0.0
5287.0,Westerly,0.0,498.0,,,,,,,,,,,,,,,,,,,,,0.0,0.0,0.0
5288.0,Westerly,0.0,499.0,,,,0.0,,,,,,,,,,,,,,,,,0.0,0.0,0.0
1423.0,"Westerly, Charlestown",0.0,174.0,,,,,,,,,,,,,,0.0,,,,,,,0.0,0.0,0.0
5314.0,Woonsocket,0.0,520.0,,,,,,,,,,,,,,0.0,,,,,,,0.0,0.0,0.0
5299.0,Woonsocket,0.0,507.0,,,,,,,,,,,,,,,,,0.0,,,,0.0,0.0,0.0
5301.0,Woonsocket,0.0,509.0,,,,,,,,,,,,,,,,,0.0,,,,0.0,0.0,0.0
5304.0,Woonsocket,0.0,512.0,,,,,,,,,,,,,,,,,0.0,,,,0.0,0.0,0.0
5306.0,Woonsocket,0.0,513.0,,,,,,,,,,,,,,0.0,,,,,,,0.0,0.0,0.0
5300.0,Woonsocket,0.0,508.0,,,,,,,,,,,,,,,,,0.0,,,,0.0,0.0,0.0
5303.0,Woonsocket,0.0,511.0,,,,,,,,,,,,,,0.0,,,,,,,0.0,0.0,0.0
5302.0,Woonsocket,0.0,510.0,,,,,,,,,,,,,,,,,0.0,,,,0.0,0.0,0.0
5316.0,Woonsocket,0.0,522.0,,,,,,,,,,,,,,,,,0.0,,,,0.0,0.0,0.0
5313.0,Woonsocket,0.0,519.0,,,,,,,,,,,,,,,,,0.0,,,,0.0,0.0,0.0
5312.0,Woonsocket,0.15,518.0,,,,,,,,,,,,,,0.15,,,,,,,0.0,0.0,0.0
5315.0,Woonsocket,0.0,521.0,,,,,,,,,,,,,,,,,0.0,,,,0.0,0.0,0.0
5311.0,Woonsocket,0.0,517.0,,,,,,,,,,,,,,,,,0.0,,,,0.0,0.0,0.0
1424.0,"Woonsocket, Cumberland",0.3,175.0,,,,,,,,,,,,,,0.3,,,,,,,0.0,0.0,0.0
5272.0,Warwick,0.0,487.0,,,,,,,,,,,,,,,,,,,,,0.0,0.0,0.0
5083.0,N. Smithfield,0.0,356.0,,,,,,,,,,,,,,,,,,,,,0.0,0.0,0.0
5037.0,E. Greewich,0.0,636.0,,,,,,,,,,,,,,,,,,,,,0.0,0.0,0.0
5042.0,E. Providence,0.0,637.0,,,,,,,,,,,,,,,,,,,,,0.0,0.0,0.0
5043.0,E. Providence,0.0,638.0,,,,,,,,,,,,,,,,,,,,,0.0,0.0,0.0
5082.0,"Middletown, Portsmouth",0.0,651.0,,,,,,,,,,,,,,,,,,,,,0.0,0.0,0.0
5084.0,N. Smithfield,0.0,652.0,,,,,,,,,,,,,,,,,,,,,0.0,0.0,0.0
5118.0,N. Kingstown,0.0,658.0,,,,,,,,,,,,,,,,,,,,,0.0,0.0,0.0
1450.0,N. Smithfield,0.0,184.0,,,,,,,,,,,,0.0,,,,,,,,,0.0,0.0,0.0
1451.0,"Warwick, W. Warwick, Johnston",0.0,185.0,,,,,,,,,,,,0.0,,,,,,,,,0.0,0.0,0.0
1453.0,Woonsocket,0.0,187.0,,,,,,,,,,,,0.0,,,,,,,,,0.0,0.0,0.0
1454.0,N. Providence,0.0,188.0,,,,,,,,,,,,0.0,,,,,,,,,0.0,0.0,0.0
1455.0,N. Smithfield,0.0,189.0,,,,,,,,,,,,,,0.0,,,,,,,0.0,0.0,0.0
1456.0,"Warwick, N. Smithfield",0.0,190.0,,,,,,,,,,,,0.0,,,,,,,,,0.0,0.0,0.0
1458.0,"Bristol, Warren",0.0,192.0,,,,,,,,,,,,0.0,,,,,,,,,0.0,0.0,0.0
1459.0,"Johnston, N. Smithfield",0.0,193.0,,,,,,,,,,,,0.0,,,,,,,,,0.0,0.0,0.0
1462.0,"Cranston, Exeter",0.0,196.0,,,,,,,,,,,,0.0,,,,,,,,,0.0,0.0,0.0
1466.0,Warren,0.6,200.0,,,,,,,,,,,,0.6,,,,,,,,,0.0,0.0,0.0
1467.0,Middletown,3.2,201.0,,,,,,,,,,,,,,3.2,,,,,,,0.0,0.0,0.0
1469.0,"S. Kingstown, Charlestown, Westerly",3.6,203.0,,,,,,,,,,,,3.6,,,,,,,,,0.0,0.0,0.0
1476.0,Smithfield,0.6,210.0,,,,,,,,,,,,0.6,,,,,,,,,0.0,0.0,0.0
1484.0,Tiverton,0.9,214.0,,,,,,,,,,,,0.9,,,,,,,,,0.0,0.0,0.0
1485.0,Lincoln,0.0,215.0,,,,,,,,,,,,0.0,,,,,,,,,0.0,0.0,0.0
1491.0,Scituate,0.0,219.0,,,,,,,,,,,,0.0,,,,,,,,,0.0,0.0,0.0
1498.0,"Providence, Pawtucket",0.1,226.0,,,,,,,,,,,,0.1,,,,,,,,,0.0,0.0,0.0
1506.0,Cranston,0.2,234.0,,,,,,,,,,,,0.2,,,,,,,,,0.0,0.0,0.0
1509.0,Scituate,0.2,237.0,,,,,,,,,,,,0.2,,,,,,,,,0.0,0.0,0.0
1510.0,Providence,0.0,238.0,,,,,,,,,,,,,,,,,0.0,,,,0.0,0.0,0.0
1512.0,Lincoln,0.0,240.0,,,,,,,,,,,,,,0.0,,,,,,,0.0,0.0,0.0
1514.0,Cumberland,4.8,242.0,,,,,,,,,,,,4.8,,,,,,,,,0.0,0.0,0.0
1522.0,"E. Providence, Pawtucket",0.0,250.0,,,,,,,,,,,,0.0,,,,,,,,,0.0,0.0,0.0
1525.0,Smithfield,0.0,253.0,,,,,,,,,,,,0.0,,,,,,,,,0.0,0.0,0.0
1526.0,Burrillville,0.0,254.0,,,,,,,,,,,,0.0,,,,,,,,,0.0,0.0,0.0
1528.0,Lincoln,0.0,256.0,,,,,,,,,,,,0.0,,,,,,,,,0.0,0.0,0.0
1531.0,Cranston,0.0,259.0,,,,,,,,,,,,,,,,,0.0,,,,0.0,0.0,0.0
1532.0,Cranston,0.0,260.0,,,,,,,,,,,,,,,,,0.0,,,,0.0,0.0,0.0
1535.0,Providence,0.0,263.0,,,,,,,,,,,,,,,,,0.0,,,,0.0,0.0,0.0
1536.0,"E. Greenwich, W. Warwick",0.0,264.0,,,,,,,,,,,,,,,,,0.0,,,,0.0,0.0,0.0
1537.0,"Cranston, Warwick",0.0,265.0,,,,,,,,,,,,,,,,,0.0,,,,0.0,0.0,0.0
1540.0,"Providence, N. Providence",0.0,268.0,,,,,,,,,,,,,,0.0,,,,,,,0.0,0.0,0.0
1541.0,"E. Providence, Bristol",0.0,269.0,,,,,,,,,,,,0.0,,,,,,,,,0.0,0.0,0.0
1542.0,"Cumberland, Johnston",0.0,270.0,,,,,,,,,,,,0.0,,,,,,,,,0.0,0.0,0.0
1544.0,Warwick,0.0,272.0,,,,,,,,,,,,0.0,,,,,,,,,0.0,0.0,0.0
5010.0,Burrillville,0.0,314.0,,,,,,,,,,,,,,,,,0.0,,,,0.0,0.0,0.0
5022.0,Cranston,0.0,321.0,,,,,,,,,,,,0.0,,,,,,,,,0.0,0.0,0.0
5030.0,Cranston,0.0,328.0,,,,,,,,,,,,,,,,,0.0,,,,0.0,0.0,0.0
5034.0,Cumberland,0.6,331.0,,,,,,,,,,,0.6,,,,,,,,,,0.0,0.0,0.0
5035.0,Cumberland,0.0,332.0,,,,,,,,,,,0.0,,,,,,,,,,0.0,0.0,0.0
5036.0,Cumberland,0.0,333.0,,,,,,,,,,,0.0,,,,,,,,,,0.0,0.0,0.0
5044.0,E. Providence,0.0,338.0,,,,,,,,,,,,0.0,,,,,,,,,0.0,0.0,0.0
5052.0,Foster,0.0,344.0,,,,,,,,,,,,0.0,,,,,,,,,0.0,0.0,0.0
5056.0,Foster,0.0,345.0,,,,,,,,,,,,0.0,,,,,,,,,0.0,0.0,0.0
5067.0,Lincoln,0.0,350.0,,,,,,,,,,,,0.0,,,,,,,,,0.0,0.0,0.0
5069.0,Lincoln,0.0,351.0,,,,,,,,,,,0.0,,,,,,,,,,0.0,0.0,0.0
5071.0,Middletown,0.0,353.0,,,,,,,,,,,,0.0,,,,,,,,,0.0,0.0,0.0
5085.0,N. Smithfield,0.0,357.0,,,,,,,,,,,,,,,,,0.0,,,,0.0,0.0,0.0
5092.0,Narragansett,0.0,362.0,,,,,,,,,,,,,,,,,0.0,,,,0.0,0.0,0.0
5115.0,N. Kingstown,0.0,380.0,,,,,,,,,,,,0.0,,,,,,,,,0.0,0.0,0.0
1439.0,N. Kingstown,1.2,180.0,,,,,,,,,,,,,,1.2,,,,,,,0.0,0.0,0.0
5122.0,N. Kingstown,0.0,383.0,,,,,,,,,,,,0.0,,,,,,,,,0.0,0.0,0.0
5133.0,Pawtucket,0.3,389.0,,,,,,,,,,,0.3,,,,,,,,,,0.0,0.0,0.0
5134.0,Pawtucket,0.0,390.0,,,,,,,,,,,0.0,,,,,,,,,,0.0,0.0,0.0
5135.0,Pawtucket,0.0,391.0,,,,,,,,,,,0.0,,,,,,,,,,0.0,0.0,0.0
5136.0,Pawtucket,0.0,392.0,,,,,,,,,,,0.0,,,,,,,,,,0.0,0.0,0.0
5137.0,Pawtucket,0.0,393.0,,,,,,,,,,,0.0,,,,,,,,,,0.0,0.0,0.0
5138.0,Pawtucket,0.0,394.0,,,,,,,,,,,0.0,,,,,,,,,,0.0,0.0,0.0
5139.0,Pawtucket,0.0,395.0,,,,,,,,,,,0.0,,,,,,,,,,0.0,0.0,0.0
5140.0,Pawtucket,0.0,396.0,,,,,,,,,,,0.0,,,,,,,,,,0.0,0.0,0.0
5141.0,Pawtucket,0.0,397.0,,,,,,,,,,,0.0,,,,,,,,,,0.0,0.0,0.0
5142.0,Pawtucket,0.0,398.0,,,,,,,,,,,0.0,,,,,,,,,,0.0,0.0,0.0
5143.0,Pawtucket,0.0,399.0,,,,,,,,,,,0.0,,,,,,,,,,0.0,0.0,0.0
5144.0,Pawtucket,0.0,400.0,,,,,,,,,,,0.0,,,,,,,,,,0.0,0.0,0.0
5145.0,Pawtucket,0.0,401.0,,,,,,,,,,,0.0,,,,,,,,,,0.0,0.0,0.0
5146.0,Pawtucket,0.0,402.0,,,,,,,,,,,0.0,,,,,,,,,,0.0,0.0,0.0
5147.0,Pawtucket,0.0,403.0,,,,,,,,,,,0.0,,,,,,,,,,0.0,0.0,0.0
5148.0,Pawtucket,0.0,404.0,,,,,,,,,,,,,,,,,0.0,,,,0.0,0.0,0.0
5149.0,Pawtucket,0.0,405.0,,,,,,,,,,,,,,,,,0.0,,,,0.0,0.0,0.0
5151.0,Pawtucket,0.0,406.0,,,,,,,,,,,,0.0,,,,,,,,,0.0,0.0,0.0
5158.0,Pawtucket,0.0,410.0,,,,,,,,,,,,0.0,,,,,,,,,0.0,0.0,0.0
5159.0,Pawtucket,0.0,411.0,,,,,,,,,,,,0.0,,,,,,,,,0.0,0.0,0.0
5165.0,Portsmouth,0.0,415.0,,,,,,,,,,,,0.0,,,,,,,,,0.0,0.0,0.0
5167.0,Portsmouth,0.0,417.0,,,,,,,,,,,,0.0,,,,,,,,,0.0,0.0,0.0
5168.0,Portsmouth,0.0,418.0,,,,,,,,,,,,,,,,,0.0,,,,0.0,0.0,0.0
5174.0,Providence,0.0,421.0,,,,,,,,,,,0.0,,,,,,,,,,0.0,0.0,0.0
5175.0,Providence,0.0,422.0,,,,,,,,,,,0.0,,,,,,,,,,0.0,0.0,0.0
5176.0,Providence,0.0,423.0,,,,,,,,,,,0.0,,,,,,,,,,0.0,0.0,0.0
5180.0,Providence,0.0,426.0,,,,,,,,,,,,0.0,,,,,,,,,0.0,0.0,0.0
5181.0,Providence,0.0,427.0,,,,,,,,,,,,0.0,,,,,,,,,0.0,0.0,0.0
5185.0,Providence,0.0,431.0,,,,,,,,,,,,0.0,,,,,,,,,0.0,0.0,0.0
5186.0,Providence,0.0,432.0,,,,,,,,,,,,0.0,,,,,,,,,0.0,0.0,0.0
5196.0,Providence,0.0,437.0,,,,,,,,,,,,0.0,,,,,,,,,0.0,0.0,0.0
5214.0,Providence,0.0,446.0,,,,,,,,,,,,,,,,,0.0,,,,0.0,0.0,0.0
5219.0,Richmond,0.15,450.0,,,,,,,,,,,,0.15,,,,,,,,,0.0,0.0,0.0
5221.0,Richmond,0.0,452.0,,,,,,,,,,,,0.0,,,,,,,,,0.0,0.0,0.0
5222.0,Scituate,0.0,453.0,,,,,,,,,,,,0.0,,,,,,,,,0.0,0.0,0.0
5226.0,Smithfield,0.0,455.0,,,,,,,,,,,,0.0,,,,,,,,,0.0,0.0,0.0
5237.0,Smithfield,0.0,464.0,,,,,,,,,,,,0.0,,,,,,,,,0.0,0.0,0.0
5244.0,S. Kingstown,0.0,466.0,,,,,,,,,,,,0.0,,,,,,,,,0.0,0.0,0.0
5248.0,S. Kingstown,0.0,468.0,,,,,,,,,,,,0.0,,,,,,,,,0.0,0.0,0.0
5262.0,Tiverton,0.0,478.0,,,,,,,,,,,,0.0,,,,,,,,,0.0,0.0,0.0
5264.0,"Tiverton, Portsmouth",0.0,479.0,,,,,,,,,,,,,,0.0,,,,,,,0.0,0.0,0.0
5266.0,W. Warwick,0.0,481.0,,,,,,,,,,,,0.0,,,,,,,,,0.0,0.0,0.0
5276.0,Warwick,0.0,490.0,,,,,,,,,,,,,,,,,0.0,,,,0.0,0.0,0.0
5277.0,Warwick,0.0,491.0,,,,,,,,,,,,0.0,,,,,,,,,0.0,0.0,0.0
5278.0,Warwick,0.0,492.0,,,,,,,,,,,,0.0,,,,,,,,,0.0,0.0,0.0
5279.0,Warwick,0.0,493.0,,,,,,,,,,,,0.0,,,,,,,,,0.0,0.0,0.0
5281.0,Warwick,0.0,494.0,,,,,,,,,,,,0.0,,,,,,,,,0.0,0.0,0.0
5284.0,"Warwick, E. Greenwich",0.0,495.0,,,,,,,,,,,,0.0,,,,,,,,,0.0,0.0,0.0
5290.0,Westerly,0.0,501.0,,,,,,,,,,,,0.0,,,,,,,,,0.0,0.0,0.0
5296.0,Woonsocket,0.0,505.0,,,,,,,,,,,0.0,,,,,,,,,,0.0,0.0,0.0
5298.0,Woonsocket,0.0,506.0,,,,,,,,,,,,,,,,,0.0,,,,0.0,0.0,0.0
5310.0,Woonsocket,0.0,516.0,,,,,,,,,,,,,,,,,0.0,,,,0.0,0.0,0.0
5265.0,W. Warwick,0.0,480.0,,,,0.0,,,,,,,,,,,,,,,,,0.0,0.0,0.0
5015.0,Charlestown,0.0,317.0,,,,0.0,,,,,,,,,,,,,,,,,0.0,0.0,0.0
5029.0,Cranston,0.0,327.0,,,,0.0,,,,,,,,,,,,,,,,,0.0,0.0,0.0
5024.0,Cranston,0.0,322.0,,,,0.0,,,,,,,,,,,,,,,,,0.0,0.0,0.0
5025.0,Cranston,0.0,323.0,,,,0.0,,,,,,,,,,,,,,,,,0.0,0.0,0.0
5032.0,Cumberland,0.0,330.0,,,,0.0,,,,,,,,,,,,,,,,,0.0,0.0,0.0
5128.0,N. Kingstown,0.3,386.0,,,,0.3,,,,,,,,,,,,,,,,,0.0,0.0,0.0
5170.0,Portsmouth,0.0,419.0,,,,0.0,,,,,,,,,,,,,,,,,0.0,0.0,0.0
5201.0,Providence,0.0,440.0,,,,0.0,,,,,,,,,,,,,,,,,0.0,0.0,0.0
5205.0,Providence,0.0,443.0,,,,0.0,,,,,,,,,,,,,,,,,0.0,0.0,0.0
6431.0,Providence,,,,,,,,,,,,,,,,,,,,,,,,,
6435.0,Providence,,,,,,,,,,,,,,,,,,,,,,,,,
6437.0,Providence,,,,,,,,,,,,,,,,,,,,,,,,,
6451.0,Providence,,,,,,,,,,,,,,,,,,,,,,,,,
6504.0,Providence,,,,,,,,,,,,,,,,,,,,,,,,,
6508.0,Providence,,,,,,,,,,,,,,,,,,,,,,,,,
6349.0,Providence,,,,,,,,,,,,,,,,,,,,,,,,,
6358.0,Providence,,,,,,,,,,,,,,,,,,,,,,,,,
6425.0,Providence,,,,,,,,,,,,,,,,,,,,,,,,,
6452.0,Providence,,,,,,,,,,,,,,,,,,,,,,,,,
6709.0,Providence,,,,,,,,,,,,,,,,,,,,,,,,,
6481.0,Providence,,,,,,,,,,,,,,,,,,,,,,,,,
6483.0,Providence,,,,,,,,,,,,,,,,,,,,,,,,,
6486.0,Providence,,,,,,,,,,,,,,,,,,,,,,,,,
6499.0,Providence,,,,,,,,,,,,,,,,,,,,,,,,,
6380.0,Pawtucket,,,,,,,,,,,,,,,,,,,,,,,,,
6381.0,Pawtucket,,,,,,,,,,,,,,,,,,,,,,,,,
6382.0,Pawtucket,,,,,,,,,,,,,,,,,,,,,,,,,
6383.0,Pawtucket,,,,,,,,,,,,,,,,,,,,,,,,,
6384.0,Pawtucket,,,,,,,,,,,,,,,,,,,,,,,,,
6385.0,Pawtucket,,,,,,,,,,,,,,,,,,,,,,,,,
6386.0,Pawtucket,,,,,,,,,,,,,,,,,,,,,,,,,
6387.0,Pawtucket,,,,,,,,,,,,,,,,,,,,,,,,,
6388.0,Pawtucket,,,,,,,,,,,,,,,,,,,,,,,,,
6389.0,Pawtucket,,,,,,,,,,,,,,,,,,,,,,,,,
6390.0,Pawtucket,,,,,,,,,,,,,,,,,,,,,,,,,
6391.0,Pawtucket,,,,,,,,,,,,,,,,,,,,,,,,,
6392.0,Pawtucket,,,,,,,,,,,,,,,,,,,,,,,,,
6393.0,Pawtucket,,,,,,,,,,,,,,,,,,,,,,,,,
6394.0,Pawtucket,,,,,,,,,,,,,,,,,,,,,,,,,
6395.0,Pawtucket,,,,,,,,,,,,,,,,,,,,,,,,,
6396.0,Pawtucket,,,,,,,,,,,,,,,,,,,,,,,,,
6054.0,Cranston,,,,,,,,,,,,,,,,,,,,,,,,,
6055.0,Cranston,,,,,,,,,,,,,,,,,,,,,,,,,
6056.0,Cranston,,,,,,,,,,,,,,,,,,,,,,,,,
6057.0,Cranston,,,,,,,,,,,,,,,,,,,,,,,,,
6114.0,E. Greenwich,,,,,,,,,,,,,,,,,,,,,,,,,
6156.0,Exeter,,,,,,,,,,,,,,,,,,,,,,,,,
6510.0,Richmond,,,,,,,,,,,,,,,,,,,,,,,,,
6602.0,W. Greenwich,,,,,,,,,,,,,,,,,,,,,,,,,
6603.0,W. Greenwich,,,,,,,,,,,,,,,,,,,,,,,,,
6604.0,W. Greenwich,,,,,,,,,,,,,,,,,,,,,,,,,
6605.0,W. Greenwich,,,,,,,,,,,,,,,,,,,,,,,,,
6623.0,Warwick,,,,,,,,,,,,,,,,,,,,,,,,,
6624.0,Warwick,,,,,,,,,,,,,,,,,,,,,,,,,
6625.0,Warwick,,,,,,,,,,,,,,,,,,,,,,,,,
6626.0,Warwick,,,,,,,,,,,,,,,,,,,,,,,,,
6627.0,Warwick,,,,,,,,,,,,,,,,,,,,,,,,,
6628.0,Warwick,,,,,,,,,,,,,,,,,,,,,,,,,
6629.0,Warwick,,,,,,,,,,,,,,,,,,,,,,,,,
6630.0,Warwick,,,,,,,,,,,,,,,,,,,,,,,,,
6360.0,Providence,,,,,,,,,,,,,,,,,,,,,,,,,
6432.0,Providence,,,,,,,,,,,,,,,,,,,,,,,,,
6446.0,Providence,,,,,,,,,,,,,,,,,,,,,,,,,
6447.0,Providence,,,,,,,,,,,,,,,,,,,,,,,,,
6467.0,Providence,,,,,,,,,,,,,,,,,,,,,,,,,
6479.0,Providence,,,,,,,,,,,,,,,,,,,,,,,,,
6488.0,Providence,,,,,,,,,,,,,,,,,,,,,,,,,
6493.0,Providence,,,,,,,,,,,,,,,,,,,,,,,,,
6296.0,Cumberland,,,,,,,,,,,,,,,,,,,,,,,,,
6297.0,Cumberland,,,,,,,,,,,,,,,,,,,,,,,,,
6298.0,Cumberland,,,,,,,,,,,,,,,,,,,,,,,,,
6330.0,Lincoln,,,,,,,,,,,,,,,,,,,,,,,,,
6608.0,W. Warwick,,,,,,,,,,,,,,,,,,,,,,,,,
6609.0,W. Warwick,,,,,,,,,,,,,,,,,,,,,,,,,
6631.0,Warwick,,,,,,,,,,,,,,,,,,,,,,,,,
6632.0,Warwick,,,,,,,,,,,,,,,,,,,,,,,,,
6633.0,Warwick,,,,,,,,,,,,,,,,,,,,,,,,,
6058.0,Cranston,,,,,,,,,,,,,,,,,,,,,,,,,
6059.0,Cranston,,,,,,,,,,,,,,,,,,,,,,,,,
6060.0,Cranston,,,,,,,,,,,,,,,,,,,,,,,,,
6061.0,Cranston,,,,,,,,,,,,,,,,,,,,,,,,,
6062.0,Cranston,,,,,,,,,,,,,,,,,,,,,,,,,
6063.0,Cranston,,,,,,,,,,,,,,,,,,,,,,,,,
6217.0,Johnston,,,,,,,,,,,,,,,,,,,,,,,,,
6218.0,Johnston,,,,,,,,,,,,,,,,,,,,,,,,,
6219.0,Johnston,,,,,,,,,,,,,,,,,,,,,,,,,
6220.0,Johnston,,,,,,,,,,,,,,,,,,,,,,,,,
6221.0,Johnston,,,,,,,,,,,,,,,,,,,,,,,,,
6222.0,Johnston,,,,,,,,,,,,,,,,,,,,,,,,,
6223.0,Johnston,,,,,,,,,,,,,,,,,,,,,,,,,
6224.0,Johnston,,,,,,,,,,,,,,,,,,,,,,,,,
6312.0,Johnston,,,,,,,,,,,,,,,,,,,,,,,,,
6313.0,Johnston,,,,,,,,,,,,,,,,,,,,,,,,,
6314.0,Johnston,,,,,,,,,,,,,,,,,,,,,,,,,
6315.0,Johnston,,,,,,,,,,,,,,,,,,,,,,,,,
6562.0,Smithfield,,,,,,,,,,,,,,,,,,,,,,,,,
6563.0,Smithfield,,,,,,,,,,,,,,,,,,,,,,,,,
6564.0,Smithfield,,,,,,,,,,,,,,,,,,,,,,,,,
6565.0,Smithfield,,,,,,,,,,,,,,,,,,,,,,,,,
6566.0,Smithfield,,,,,,,,,,,,,,,,,,,,,,,,,
6567.0,Smithfield,,,,,,,,,,,,,,,,,,,,,,,,,
6568.0,Smithfield,,,,,,,,,,,,,,,,,,,,,,,,,
6569.0,Smithfield,,,,,,,,,,,,,,,,,,,,,,,,,
6570.0,Smithfield,,,,,,,,,,,,,,,,,,,,,,,,,
6571.0,Smithfield,,,,,,,,,,,,,,,,,,,,,,,,,
6064.0,Cranston,,,,,,,,,,,,,,,,,,,,,,,,,
6065.0,Cranston,,,,,,,,,,,,,,,,,,,,,,,,,
6634.0,Warwick,,,,,,,,,,,,,,,,,,,,,,,,,
6635.0,Warwick,,,,,,,,,,,,,,,,,,,,,,,,,
6636.0,Warwick,,,,,,,,,,,,,,,,,,,,,,,,,
6637.0,Warwick,,,,,,,,,,,,,,,,,,,,,,,,,
6638.0,Warwick,,,,,,,,,,,,,,,,,,,,,,,,,
6639.0,Warwick,,,,,,,,,,,,,,,,,,,,,,,,,
6029.0,Charlestown,,,,,,,,,,,,,,,,,,,,,,,,,
6031.0,Coventry,,,,,,,,,,,,,,,,,,,,,,,,,
6032.0,Coventry,,,,,,,,,,,,,,,,,,,,,,,,,
6033.0,Coventry,,,,,,,,,,,,,,,,,,,,,,,,,
6034.0,Coventry,,,,,,,,,,,,,,,,,,,,,,,,,
6035.0,Coventry,,,,,,,,,,,,,,,,,,,,,,,,,
6066.0,Cranston,,,,,,,,,,,,,,,,,,,,,,,,,
6067.0,Cranston,,,,,,,,,,,,,,,,,,,,,,,,,
6068.0,Cranston,,,,,,,,,,,,,,,,,,,,,,,,,
6069.0,Cranston,,,,,,,,,,,,,,,,,,,,,,,,,
6070.0,Cranston,,,,,,,,,,,,,,,,,,,,,,,,,
6071.0,Cranston,,,,,,,,,,,,,,,,,,,,,,,,,
6072.0,Cranston,,,,,,,,,,,,,,,,,,,,,,,,,
6073.0,Cranston,,,,,,,,,,,,,,,,,,,,,,,,,
6115.0,E. Greenwich,,,,,,,,,,,,,,,,,,,,,,,,,
6207.0,Hopkinton,,,,,,,,,,,,,,,,,,,,,,,,,
6208.0,Hopkinton,,,,,,,,,,,,,,,,,,,,,,,,,
6511.0,Richmond,,,,,,,,,,,,,,,,,,,,,,,,,
6512.0,Richmond,,,,,,,,,,,,,,,,,,,,,,,,,
6606.0,W. Greenwich,,,,,,,,,,,,,,,,,,,,,,,,,
6610.0,W. Warwick,,,,,,,,,,,,,,,,,,,,,,,,,
6611.0,W. Warwick,,,,,,,,,,,,,,,,,,,,,,,,,
6612.0,W. Warwick,,,,,,,,,,,,,,,,,,,,,,,,,
6640.0,Warwick,,,,,,,,,,,,,,,,,,,,,,,,,
6641.0,Warwick,,,,,,,,,,,,,,,,,,,,,,,,,
6642.0,Warwick,,,,,,,,,,,,,,,,,,,,,,,,,
6643.0,Warwick,,,,,,,,,,,,,,,,,,,,,,,,,
6644.0,Warwick,,,,,,,,,,,,,,,,,,,,,,,,,
6645.0,Warwick,,,,,,,,,,,,,,,,,,,,,,,,,
6646.0,Warwick,,,,,,,,,,,,,,,,,,,,,,,,,
6677.0,Westerly,,,,,,,,,,,,,,,,,,,,,,,,,
6678.0,Westerly,,,,,,,,,,,,,,,,,,,,,,,,,
6269.0,N. Smithfield,,,,,,,,,,,,,,,,,,,,,,,,,
6270.0,N. Smithfield,,,,,,,,,,,,,,,,,,,,,,,,,
6271.0,N. Smithfield,,,,,,,,,,,,,,,,,,,,,,,,,
6272.0,N. Smithfield,,,,,,,,,,,,,,,,,,,,,,,,,
6331.0,Lincoln,,,,,,,,,,,,,,,,,,,,,,,,,
6332.0,Lincoln,,,,,,,,,,,,,,,,,,,,,,,,,
6333.0,Lincoln,,,,,,,,,,,,,,,,,,,,,,,,,
6361.0,N. Smithfield,,,,,,,,,,,,,,,,,,,,,,,,,
6362.0,N. Smithfield,,,,,,,,,,,,,,,,,,,,,,,,,
6363.0,N. Smithfield,,,,,,,,,,,,,,,,,,,,,,,,,
6424.0,Providence,,,,,,,,,,,,,,,,,,,,,,,,,
6444.0,Providence,,,,,,,,,,,,,,,,,,,,,,,,,
6465.0,Providence,,,,,,,,,,,,,,,,,,,,,,,,,
6494.0,Providence,,,,,,,,,,,,,,,,,,,,,,,,,
6503.0,Providence,,,,,,,,,,,,,,,,,,,,,,,,,
6299.0,Cumberland,,,,,,,,,,,,,,,,,,,,,,,,,
6300.0,Cumberland,,,,,,,,,,,,,,,,,,,,,,,,,
6334.0,Lincoln,,,,,,,,,,,,,,,,,,,,,,,,,
6335.0,Lincoln,,,,,,,,,,,,,,,,,,,,,,,,,
6336.0,Lincoln,,,,,,,,,,,,,,,,,,,,,,,,,
6001.0,Barrington,,,,,,,,,,,,,,,,,,,,,,,,,
6002.0,Barrington,,,,,,,,,,,,,,,,,,,,,,,,,
6003.0,Barrington,,,,,,,,,,,,,,,,,,,,,,,,,
6130.0,E. Providence,,,,,,,,,,,,,,,,,,,,,,,,,
6131.0,E. Providence,,,,,,,,,,,,,,,,,,,,,,,,,
6132.0,E. Providence,,,,,,,,,,,,,,,,,,,,,,,,,
6133.0,E. Providence,,,,,,,,,,,,,,,,,,,,,,,,,
6134.0,E. Providence,,,,,,,,,,,,,,,,,,,,,,,,,
6135.0,E. Providence,,,,,,,,,,,,,,,,,,,,,,,,,
6136.0,E. Providence,,,,,,,,,,,,,,,,,,,,,,,,,
6137.0,E. Providence,,,,,,,,,,,,,,,,,,,,,,,,,
6138.0,E. Providence,,,,,,,,,,,,,,,,,,,,,,,,,
6139.0,E. Providence,,,,,,,,,,,,,,,,,,,,,,,,,
6140.0,E. Providence,,,,,,,,,,,,,,,,,,,,,,,,,
6141.0,E. Providence,,,,,,,,,,,,,,,,,,,,,,,,,
6142.0,E. Providence,,,,,,,,,,,,,,,,,,,,,,,,,
6143.0,E. Providence,,,,,,,,,,,,,,,,,,,,,,,,,
6144.0,E. Providence,,,,,,,,,,,,,,,,,,,,,,,,,
6145.0,E. Providence,,,,,,,,,,,,,,,,,,,,,,,,,
6231.0,Middletown,,,,,,,,,,,,,,,,,,,,,,,,,
6232.0,Middletown,,,,,,,,,,,,,,,,,,,,,,,,,
6233.0,Middletown,,,,,,,,,,,,,,,,,,,,,,,,,
6371.0,Narragansett,,,,,,,,,,,,,,,,,,,,,,,,,
6374.0,New Shoreham,,,,,,,,,,,,,,,,,,,,,,,,,
6375.0,New Shoreham,,,,,,,,,,,,,,,,,,,,,,,,,
6376.0,Newport,,,,,,,,,,,,,,,,,,,,,,,,,
6377.0,Newport,,,,,,,,,,,,,,,,,,,,,,,,,
6378.0,Newport,,,,,,,,,,,,,,,,,,,,,,,,,
6409.0,Portsmouth,,,,,,,,,,,,,,,,,,,,,,,,,
6410.0,Portsmouth,,,,,,,,,,,,,,,,,,,,,,,,,
6411.0,Portsmouth,,,,,,,,,,,,,,,,,,,,,,,,,
6412.0,Portsmouth,,,,,,,,,,,,,,,,,,,,,,,,,
6413.0,Portsmouth,,,,,,,,,,,,,,,,,,,,,,,,,
6414.0,Portsmouth,,,,,,,,,,,,,,,,,,,,,,,,,
6415.0,Portsmouth,,,,,,,,,,,,,,,,,,,,,,,,,
6416.0,Portsmouth,,,,,,,,,,,,,,,,,,,,,,,,,
6417.0,Portsmouth,,,,,,,,,,,,,,,,,,,,,,,,,
6589.0,Tiverton,,,,,,,,,,,,,,,,,,,,,,,,,
6590.0,Tiverton,,,,,,,,,,,,,,,,,,,,,,,,,
6591.0,Tiverton,,,,,,,,,,,,,,,,,,,,,,,,,
6592.0,Tiverton,,,,,,,,,,,,,,,,,,,,,,,,,
6593.0,Tiverton,,,,,,,,,,,,,,,,,,,,,,,,,
6594.0,Tiverton,,,,,,,,,,,,,,,,,,,,,,,,,
6595.0,Tiverton,,,,,,,,,,,,,,,,,,,,,,,,,
6620.0,Warren,,,,,,,,,,,,,,,,,,,,,,,,,
6621.0,Warren,,,,,,,,,,,,,,,,,,,,,,,,,
6622.0,Warren,,,,,,,,,,,,,,,,,,,,,,,,,
6172.0,Foster,,,,,,,,,,,,,,,,,,,,,,,,,
6173.0,Foster,,,,,,,,,,,,,,,,,,,,,,,,,
6195.0,Glocester,,,,,,,,,,,,,,,,,,,,,,,,,
6196.0,Glocester,,,,,,,,,,,,,,,,,,,,,,,,,
6197.0,Glocester,,,,,,,,,,,,,,,,,,,,,,,,,
6198.0,Glocester,,,,,,,,,,,,,,,,,,,,,,,,,
6316.0,Johnston,,,,,,,,,,,,,,,,,,,,,,,,,
6317.0,Johnston,,,,,,,,,,,,,,,,,,,,,,,,,
6318.0,Johnston,,,,,,,,,,,,,,,,,,,,,,,,,
6319.0,Johnston,,,,,,,,,,,,,,,,,,,,,,,,,
6320.0,Johnston,,,,,,,,,,,,,,,,,,,,,,,,,
6321.0,Johnston,,,,,,,,,,,,,,,,,,,,,,,,,
6322.0,Johnston,,,,,,,,,,,,,,,,,,,,,,,,,
6323.0,Johnston,,,,,,,,,,,,,,,,,,,,,,,,,
6324.0,Johnston,,,,,,,,,,,,,,,,,,,,,,,,,
6325.0,Johnston,,,,,,,,,,,,,,,,,,,,,,,,,
6461.0,Providence,,,,,,,,,,,,,,,,,,,,,,,,,
6469.0,Providence,,,,,,,,,,,,,,,,,,,,,,,,,
6477.0,Providence,,,,,,,,,,,,,,,,,,,,,,,,,
6492.0,Providence,,,,,,,,,,,,,,,,,,,,,,,,,
6509.0,Providence,,,,,,,,,,,,,,,,,,,,,,,,,
6535.0,Scituate,,,,,,,,,,,,,,,,,,,,,,,,,
6536.0,Scituate,,,,,,,,,,,,,,,,,,,,,,,,,
6537.0,Scituate,,,,,,,,,,,,,,,,,,,,,,,,,
6538.0,Scituate,,,,,,,,,,,,,,,,,,,,,,,,,
6539.0,Scituate,,,,,,,,,,,,,,,,,,,,,,,,,
6540.0,Scituate,,,,,,,,,,,,,,,,,,,,,,,,,
6541.0,Scituate,,,,,,,,,,,,,,,,,,,,,,,,,
6542.0,Scituate,,,,,,,,,,,,,,,,,,,,,,,,,
6543.0,Scituate,,,,,,,,,,,,,,,,,,,,,,,,,
6544.0,Scituate,,,,,,,,,,,,,,,,,,,,,,,,,
6545.0,Scituate,,,,,,,,,,,,,,,,,,,,,,,,,
6546.0,Scituate,,,,,,,,,,,,,,,,,,,,,,,,,
6547.0,Scituate,,,,,,,,,,,,,,,,,,,,,,,,,
6548.0,Scituate,,,,,,,,,,,,,,,,,,,,,,,,,
6549.0,Scituate,,,,,,,,,,,,,,,,,,,,,,,,,
6550.0,Scituate,,,,,,,,,,,,,,,,,,,,,,,,,
6551.0,Scituate,,,,,,,,,,,,,,,,,,,,,,,,,
6552.0,Scituate,,,,,,,,,,,,,,,,,,,,,,,,,
6572.0,Smithfield,,,,,,,,,,,,,,,,,,,,,,,,,
6006.0,Burrillville,,,,,,,,,,,,,,,,,,,,,,,,,
6007.0,Burrillville,,,,,,,,,,,,,,,,,,,,,,,,,
6008.0,Burrillville,,,,,,,,,,,,,,,,,,,,,,,,,
6009.0,Burrillville,,,,,,,,,,,,,,,,,,,,,,,,,
6010.0,Burrillville,,,,,,,,,,,,,,,,,,,,,,,,,
6011.0,Burrillville,,,,,,,,,,,,,,,,,,,,,,,,,
6012.0,Burrillville,,,,,,,,,,,,,,,,,,,,,,,,,
6013.0,Burrillville,,,,,,,,,,,,,,,,,,,,,,,,,
6014.0,Burrillville,,,,,,,,,,,,,,,,,,,,,,,,,
6263.0,N. Providence,,,,,,,,,,,,,,,,,,,,,,,,,
6301.0,Cumberland,,,,,,,,,,,,,,,,,,,,,,,,,
6302.0,Cumberland,,,,,,,,,,,,,,,,,,,,,,,,,
6303.0,Cumberland,,,,,,,,,,,,,,,,,,,,,,,,,
6304.0,Cumberland,,,,,,,,,,,,,,,,,,,,,,,,,
6305.0,Cumberland,,,,,,,,,,,,,,,,,,,,,,,,,
6306.0,Cumberland,,,,,,,,,,,,,,,,,,,,,,,,,
6337.0,Lincoln,,,,,,,,,,,,,,,,,,,,,,,,,
6338.0,Lincoln,,,,,,,,,,,,,,,,,,,,,,,,,
6339.0,Lincoln,,,,,,,,,,,,,,,,,,,,,,,,,
6364.0,N. Smithfield,,,,,,,,,,,,,,,,,,,,,,,,,
6482.0,Providence,,,,,,,,,,,,,,,,,,,,,,,,,
6573.0,Smithfield,,,,,,,,,,,,,,,,,,,,,,,,,
6574.0,Smithfield,,,,,,,,,,,,,,,,,,,,,,,,,
6575.0,Smithfield,,,,,,,,,,,,,,,,,,,,,,,,,
6576.0,Smithfield,,,,,,,,,,,,,,,,,,,,,,,,,
6577.0,Smithfield,,,,,,,,,,,,,,,,,,,,,,,,,
6578.0,Smithfield,,,,,,,,,,,,,,,,,,,,,,,,,
6116.0,E. Greenwich,,,,,,,,,,,,,,,,,,,,,,,,,
6117.0,E. Greenwich,,,,,,,,,,,,,,,,,,,,,,,,,
6118.0,E. Greenwich,,,,,,,,,,,,,,,,,,,,,,,,,
6119.0,E. Greenwich,,,,,,,,,,,,,,,,,,,,,,,,,
6120.0,E. Greenwich,,,,,,,,,,,,,,,,,,,,,,,,,
6121.0,E. Greenwich,,,,,,,,,,,,,,,,,,,,,,,,,
6122.0,E. Greenwich,,,,,,,,,,,,,,,,,,,,,,,,,
6123.0,E. Greenwich,,,,,,,,,,,,,,,,,,,,,,,,,
6124.0,E. Greenwich,,,,,,,,,,,,,,,,,,,,,,,,,
6125.0,E. Greenwich,,,,,,,,,,,,,,,,,,,,,,,,,
6126.0,E. Greenwich,,,,,,,,,,,,,,,,,,,,,,,,,
6127.0,E. Greenwich,,,,,,,,,,,,,,,,,,,,,,,,,
6234.0,N. Kingstown,,,,,,,,,,,,,,,,,,,,,,,,,
6235.0,N. Kingstown,,,,,,,,,,,,,,,,,,,,,,,,,
6236.0,N. Kingstown,,,,,,,,,,,,,,,,,,,,,,,,,
6237.0,N. Kingstown,,,,,,,,,,,,,,,,,,,,,,,,,
6238.0,N. Kingstown,,,,,,,,,,,,,,,,,,,,,,,,,
6239.0,N. Kingstown,,,,,,,,,,,,,,,,,,,,,,,,,
6240.0,N. Kingstown,,,,,,,,,,,,,,,,,,,,,,,,,
6241.0,N. Kingstown,,,,,,,,,,,,,,,,,,,,,,,,,
6242.0,N. Kingstown,,,,,,,,,,,,,,,,,,,,,,,,,
6243.0,N. Kingstown,,,,,,,,,,,,,,,,,,,,,,,,,
6244.0,N. Kingstown,,,,,,,,,,,,,,,,,,,,,,,,,
6245.0,N. Kingstown,,,,,,,,,,,,,,,,,,,,,,,,,
6246.0,N. Kingstown,,,,,,,,,,,,,,,,,,,,,,,,,
6247.0,N. Kingstown,,,,,,,,,,,,,,,,,,,,,,,,,
6248.0,N. Kingstown,,,,,,,,,,,,,,,,,,,,,,,,,
6249.0,N. Kingstown,,,,,,,,,,,,,,,,,,,,,,,,,
6250.0,N. Kingstown,,,,,,,,,,,,,,,,,,,,,,,,,
6251.0,N. Kingstown,,,,,,,,,,,,,,,,,,,,,,,,,
6252.0,N. Kingstown,,,,,,,,,,,,,,,,,,,,,,,,,
6253.0,N. Kingstown,,,,,,,,,,,,,,,,,,,,,,,,,
6254.0,N. Kingstown,,,,,,,,,,,,,,,,,,,,,,,,,
6255.0,N. Kingstown,,,,,,,,,,,,,,,,,,,,,,,,,
6256.0,N. Kingstown,,,,,,,,,,,,,,,,,,,,,,,,,
6372.0,Narragansett,,,,,,,,,,,,,,,,,,,,,,,,,
6350.0,Providence,,,,,,,,,,,,,,,,,,,,,,,,,
6351.0,Providence,,,,,,,,,,,,,,,,,,,,,,,,,
6352.0,Providence,,,,,,,,,,,,,,,,,,,,,,,,,
6353.0,Providence,,,,,,,,,,,,,,,,,,,,,,,,,
6354.0,Providence,,,,,,,,,,,,,,,,,,,,,,,,,
6355.0,Providence,,,,,,,,,,,,,,,,,,,,,,,,,
6359.0,Providence,,,,,,,,,,,,,,,,,,,,,,,,,
6443.0,Providence,,,,,,,,,,,,,,,,,,,,,,,,,
6445.0,Providence,,,,,,,,,,,,,,,,,,,,,,,,,
6456.0,Providence,,,,,,,,,,,,,,,,,,,,,,,,,
6457.0,Providence,,,,,,,,,,,,,,,,,,,,,,,,,
6473.0,Providence,,,,,,,,,,,,,,,,,,,,,,,,,
6474.0,Providence,,,,,,,,,,,,,,,,,,,,,,,,,
6475.0,Providence,,,,,,,,,,,,,,,,,,,,,,,,,
6484.0,Providence,,,,,,,,,,,,,,,,,,,,,,,,,
6485.0,Providence,,,,,,,,,,,,,,,,,,,,,,,,,
6505.0,Providence,,,,,,,,,,,,,,,,,,,,,,,,,
6423.0,Providence,,,,,,,,,,,,,,,,,,,,,,,,,
6428.0,Providence,,,,,,,,,,,,,,,,,,,,,,,,,
6448.0,Providence,,,,,,,,,,,,,,,,,,,,,,,,,
6449.0,Providence,,,,,,,,,,,,,,,,,,,,,,,,,
6450.0,Providence,,,,,,,,,,,,,,,,,,,,,,,,,
6464.0,Providence,,,,,,,,,,,,,,,,,,,,,,,,,
6468.0,Providence,,,,,,,,,,,,,,,,,,,,,,,,,
6495.0,Providence,,,,,,,,,,,,,,,,,,,,,,,,,
6496.0,Providence,,,,,,,,,,,,,,,,,,,,,,,,,
6497.0,Providence,,,,,,,,,,,,,,,,,,,,,,,,,
6501.0,Providence,,,,,,,,,,,,,,,,,,,,,,,,,
6433.0,Providence,,,,,,,,,,,,,,,,,,,,,,,,,
6434.0,Providence,,,,,,,,,,,,,,,,,,,,,,,,,
6438.0,Providence,,,,,,,,,,,,,,,,,,,,,,,,,
6442.0,Providence,,,,,,,,,,,,,,,,,,,,,,,,,
6471.0,Providence,,,,,,,,,,,,,,,,,,,,,,,,,
6500.0,Providence,,,,,,,,,,,,,,,,,,,,,,,,,
6502.0,Providence,,,,,,,,,,,,,,,,,,,,,,,,,
6506.0,Providence,,,,,,,,,,,,,,,,,,,,,,,,,
6507.0,Providence,,,,,,,,,,,,,,,,,,,,,,,,,
6074.0,Cranston,,,,,,,,,,,,,,,,,,,,,,,,,
6075.0,Cranston,,,,,,,,,,,,,,,,,,,,,,,,,
6076.0,Cranston,,,,,,,,,,,,,,,,,,,,,,,,,
6077.0,Cranston,,,,,,,,,,,,,,,,,,,,,,,,,
6078.0,Cranston,,,,,,,,,,,,,,,,,,,,,,,,,
6079.0,Cranston,,,,,,,,,,,,,,,,,,,,,,,,,
6080.0,Cranston,,,,,,,,,,,,,,,,,,,,,,,,,
6081.0,Cranston,,,,,,,,,,,,,,,,,,,,,,,,,
6082.0,Cranston,,,,,,,,,,,,,,,,,,,,,,,,,
6083.0,Cranston,,,,,,,,,,,,,,,,,,,,,,,,,
6084.0,Cranston,,,,,,,,,,,,,,,,,,,,,,,,,
6085.0,Cranston,,,,,,,,,,,,,,,,,,,,,,,,,
6086.0,Cranston,,,,,,,,,,,,,,,,,,,,,,,,,
6087.0,Cranston,,,,,,,,,,,,,,,,,,,,,,,,,
6088.0,Cranston,,,,,,,,,,,,,,,,,,,,,,,,,
6089.0,Cranston,,,,,,,,,,,,,,,,,,,,,,,,,
6090.0,Cranston,,,,,,,,,,,,,,,,,,,,,,,,,
6091.0,Cranston,,,,,,,,,,,,,,,,,,,,,,,,,
6092.0,Cranston,,,,,,,,,,,,,,,,,,,,,,,,,
6093.0,Cranston,,,,,,,,,,,,,,,,,,,,,,,,,
6454.0,Providence,,,,,,,,,,,,,,,,,,,,,,,,,
6458.0,Providence,,,,,,,,,,,,,,,,,,,,,,,,,
6460.0,Providence,,,,,,,,,,,,,,,,,,,,,,,,,
6462.0,Providence,,,,,,,,,,,,,,,,,,,,,,,,,
6472.0,Providence,,,,,,,,,,,,,,,,,,,,,,,,,
6476.0,Providence,,,,,,,,,,,,,,,,,,,,,,,,,
6647.0,Warwick,,,,,,,,,,,,,,,,,,,,,,,,,
6648.0,Warwick,,,,,,,,,,,,,,,,,,,,,,,,,
6649.0,Warwick,,,,,,,,,,,,,,,,,,,,,,,,,
6650.0,Warwick,,,,,,,,,,,,,,,,,,,,,,,,,
6651.0,Warwick,,,,,,,,,,,,,,,,,,,,,,,,,
6652.0,Warwick,,,,,,,,,,,,,,,,,,,,,,,,,
6024.0,Central Falls,,,,,,,,,,,,,,,,,,,,,,,,,
6025.0,Central Falls,,,,,,,,,,,,,,,,,,,,,,,,,
6026.0,Central Falls,,,,,,,,,,,,,,,,,,,,,,,,,
6027.0,Central Falls,,,,,,,,,,,,,,,,,,,,,,,,,
6100.0,Cumberland,,,,,,,,,,,,,,,,,,,,,,,,,
6101.0,Cumberland,,,,,,,,,,,,,,,,,,,,,,,,,
6102.0,Cumberland,,,,,,,,,,,,,,,,,,,,,,,,,
6103.0,Cumberland,,,,,,,,,,,,,,,,,,,,,,,,,
6104.0,Cumberland,,,,,,,,,,,,,,,,,,,,,,,,,
6264.0,N. Providence,,,,,,,,,,,,,,,,,,,,,,,,,
6265.0,N. Providence,,,,,,,,,,,,,,,,,,,,,,,,,
6307.0,Cumberland,,,,,,,,,,,,,,,,,,,,,,,,,
6308.0,Cumberland,,,,,,,,,,,,,,,,,,,,,,,,,
6309.0,Cumberland,,,,,,,,,,,,,,,,,,,,,,,,,
6310.0,Cumberland,,,,,,,,,,,,,,,,,,,,,,,,,
6311.0,Cumberland,,,,,,,,,,,,,,,,,,,,,,,,,
6340.0,Lincoln,,,,,,,,,,,,,,,,,,,,,,,,,
6341.0,Lincoln,,,,,,,,,,,,,,,,,,,,,,,,,
6342.0,Lincoln,,,,,,,,,,,,,,,,,,,,,,,,,
6343.0,Lincoln,,,,,,,,,,,,,,,,,,,,,,,,,
6344.0,Lincoln,,,,,,,,,,,,,,,,,,,,,,,,,
6345.0,Lincoln,,,,,,,,,,,,,,,,,,,,,,,,,
6397.0,Pawtucket,,,,,,,,,,,,,,,,,,,,,,,,,
6398.0,Pawtucket,,,,,,,,,,,,,,,,,,,,,,,,,
6399.0,Pawtucket,,,,,,,,,,,,,,,,,,,,,,,,,
6400.0,Pawtucket,,,,,,,,,,,,,,,,,,,,,,,,,
6036.0,Coventry,,,,,,,,,,,,,,,,,,,,,,,,,
6037.0,Coventry,,,,,,,,,,,,,,,,,,,,,,,,,
6038.0,Coventry,,,,,,,,,,,,,,,,,,,,,,,,,
6039.0,Coventry,,,,,,,,,,,,,,,,,,,,,,,,,
6040.0,Coventry,,,,,,,,,,,,,,,,,,,,,,,,,
6041.0,Coventry,,,,,,,,,,,,,,,,,,,,,,,,,
6042.0,Coventry,,,,,,,,,,,,,,,,,,,,,,,,,
6043.0,Coventry,,,,,,,,,,,,,,,,,,,,,,,,,
6044.0,Coventry,,,,,,,,,,,,,,,,,,,,,,,,,
6045.0,Coventry,,,,,,,,,,,,,,,,,,,,,,,,,
6157.0,Exeter,,,,,,,,,,,,,,,,,,,,,,,,,
6158.0,Exeter,,,,,,,,,,,,,,,,,,,,,,,,,
6159.0,Exeter,,,,,,,,,,,,,,,,,,,,,,,,,
6160.0,Exeter,,,,,,,,,,,,,,,,,,,,,,,,,
6161.0,Exeter,,,,,,,,,,,,,,,,,,,,,,,,,
6162.0,Exeter,,,,,,,,,,,,,,,,,,,,,,,,,
6163.0,Exeter,,,,,,,,,,,,,,,,,,,,,,,,,
6164.0,Exeter,,,,,,,,,,,,,,,,,,,,,,,,,
6519.0,S. Kingstown,,,,,,,,,,,,,,,,,,,,,,,,,
6520.0,S. Kingstown,,,,,,,,,,,,,,,,,,,,,,,,,
6521.0,S. Kingstown,,,,,,,,,,,,,,,,,,,,,,,,,
6522.0,S. Kingstown,,,,,,,,,,,,,,,,,,,,,,,,,
6523.0,S. Kingstown,,,,,,,,,,,,,,,,,,,,,,,,,
6524.0,S. Kingstown,,,,,,,,,,,,,,,,,,,,,,,,,
6525.0,S. Kingstown,,,,,,,,,,,,,,,,,,,,,,,,,
6526.0,S. Kingstown,,,,,,,,,,,,,,,,,,,,,,,,,
6527.0,S. Kingstown,,,,,,,,,,,,,,,,,,,,,,,,,
6528.0,S. Kingstown,,,,,,,,,,,,,,,,,,,,,,,,,
6529.0,S. Kingstown,,,,,,,,,,,,,,,,,,,,,,,,,
6530.0,S. Kingstown,,,,,,,,,,,,,,,,,,,,,,,,,
6531.0,S. Kingstown,,,,,,,,,,,,,,,,,,,,,,,,,
6532.0,S. Kingstown,,,,,,,,,,,,,,,,,,,,,,,,,
6533.0,S. Kingstown,,,,,,,,,,,,,,,,,,,,,,,,,
6613.0,W. Warwick,,,,,,,,,,,,,,,,,,,,,,,,,
6614.0,W. Warwick,,,,,,,,,,,,,,,,,,,,,,,,,
6615.0,W. Warwick,,,,,,,,,,,,,,,,,,,,,,,,,
6653.0,Warwick,,,,,,,,,,,,,,,,,,,,,,,,,
6175.0,Foster,,,,,,,,,,,,,,,,,,,,,,,,,
6176.0,Foster,,,,,,,,,,,,,,,,,,,,,,,,,
6177.0,Foster,,,,,,,,,,,,,,,,,,,,,,,,,
6178.0,Foster,,,,,,,,,,,,,,,,,,,,,,,,,
6179.0,Foster,,,,,,,,,,,,,,,,,,,,,,,,,
6180.0,Foster,,,,,,,,,,,,,,,,,,,,,,,,,
6181.0,Foster,,,,,,,,,,,,,,,,,,,,,,,,,
6182.0,Foster,,,,,,,,,,,,,,,,,,,,,,,,,
6183.0,Foster,,,,,,,,,,,,,,,,,,,,,,,,,
6184.0,Foster,,,,,,,,,,,,,,,,,,,,,,,,,
6185.0,Foster,,,,,,,,,,,,,,,,,,,,,,,,,
6186.0,Foster,,,,,,,,,,,,,,,,,,,,,,,,,
6187.0,Foster,,,,,,,,,,,,,,,,,,,,,,,,,
6188.0,Foster,,,,,,,,,,,,,,,,,,,,,,,,,
6189.0,Foster,,,,,,,,,,,,,,,,,,,,,,,,,
6199.0,Glocester,,,,,,,,,,,,,,,,,,,,,,,,,
6200.0,Glocester,,,,,,,,,,,,,,,,,,,,,,,,,
6201.0,Glocester,,,,,,,,,,,,,,,,,,,,,,,,,
6202.0,Glocester,,,,,,,,,,,,,,,,,,,,,,,,,
6203.0,Glocester,,,,,,,,,,,,,,,,,,,,,,,,,
6204.0,Glocester,,,,,,,,,,,,,,,,,,,,,,,,,
6205.0,Glocester,,,,,,,,,,,,,,,,,,,,,,,,,
6206.0,Glocester,,,,,,,,,,,,,,,,,,,,,,,,,
6579.0,Smithfield,,,,,,,,,,,,,,,,,,,,,,,,,
6580.0,Smithfield,,,,,,,,,,,,,,,,,,,,,,,,,
6581.0,Smithfield,,,,,,,,,,,,,,,,,,,,,,,,,
6582.0,Smithfield,,,,,,,,,,,,,,,,,,,,,,,,,
6583.0,Smithfield,,,,,,,,,,,,,,,,,,,,,,,,,
6584.0,Smithfield,,,,,,,,,,,,,,,,,,,,,,,,,
6585.0,Smithfield,,,,,,,,,,,,,,,,,,,,,,,,,
6683.0,Woonsocket,,,,,,,,,,,,,,,,,,,,,,,,,
6684.0,Woonsocket,,,,,,,,,,,,,,,,,,,,,,,,,
6685.0,Woonsocket,,,,,,,,,,,,,,,,,,,,,,,,,
6686.0,Woonsocket,,,,,,,,,,,,,,,,,,,,,,,,,
6687.0,Woonsocket,,,,,,,,,,,,,,,,,,,,,,,,,
6688.0,Woonsocket,,,,,,,,,,,,,,,,,,,,,,,,,
6689.0,Woonsocket,,,,,,,,,,,,,,,,,,,,,,,,,
6690.0,Woonsocket,,,,,,,,,,,,,,,,,,,,,,,,,
6691.0,Woonsocket,,,,,,,,,,,,,,,,,,,,,,,,,
6692.0,Woonsocket,,,,,,,,,,,,,,,,,,,,,,,,,
6693.0,Woonsocket,,,,,,,,,,,,,,,,,,,,,,,,,
6694.0,Woonsocket,,,,,,,,,,,,,,,,,,,,,,,,,
6436.0,Providence,,,,,,,,,,,,,,,,,,,,,,,,,
6453.0,Providence,,,,,,,,,,,,,,,,,,,,,,,,,
6401.0,Pawtucket,,,,,,,,,,,,,,,,,,,,,,,,,
6490.0,Providence,,,,,,,,,,,,,,,,,,,,,,,,,
6094.0,Cranston,,,,,,,,,,,,,,,,,,,,,,,,,
6095.0,Cranston,,,,,,,,,,,,,,,,,,,,,,,,,
6096.0,Cranston,,,,,,,,,,,,,,,,,,,,,,,,,
6165.0,Exeter,,,,,,,,,,,,,,,,,,,,,,,,,
6166.0,Exeter,,,,,,,,,,,,,,,,,,,,,,,,,
6616.0,W. Warwick,,,,,,,,,,,,,,,,,,,,,,,,,
6654.0,Warwick,,,,,,,,,,,,,,,,,,,,,,,,,
6097.0,Cranston,,,,,,,,,,,,,,,,,,,,,,,,,
6098.0,Cranston,,,,,,,,,,,,,,,,,,,,,,,,,
6099.0,Cranston,,,,,,,,,,,,,,,,,,,,,,,,,
6326.0,Johnston,,,,,,,,,,,,,,,,,,,,,,,,,
6346.0,Lincoln,,,,,,,,,,,,,,,,,,,,,,,,,
6586.0,Smithfield,,,,,,,,,,,,,,,,,,,,,,,,,
6347.0,Lincoln,,,,,,,,,,,,,,,,,,,,,,,,,
6105.0,Cumberland,,,,,,,,,,,,,,,,,,,,,,,,,
6106.0,Cumberland,,,,,,,,,,,,,,,,,,,,,,,,,
6107.0,Cumberland,,,,,,,,,,,,,,,,,,,,,,,,,
6108.0,Cumberland,,,,,,,,,,,,,,,,,,,,,,,,,
6109.0,Cumberland,,,,,,,,,,,,,,,,,,,,,,,,,
6365.0,N. Smithfield,,,,,,,,,,,,,,,,,,,,,,,,,
6366.0,N. Smithfield,,,,,,,,,,,,,,,,,,,,,,,,,
6367.0,N. Smithfield,,,,,,,,,,,,,,,,,,,,,,,,,
6368.0,N. Smithfield,,,,,,,,,,,,,,,,,,,,,,,,,
6369.0,N. Smithfield,,,,,,,,,,,,,,,,,,,,,,,,,
6459.0,Providence,,,,,,,,,,,,,,,,,,,,,,,,,
6225.0,Lincoln,,,,,,,,,,,,,,,,,,,,,,,,,
6266.0,N. Providence,,,,,,,,,,,,,,,,,,,,,,,,,
6267.0,N. Providence,,,,,,,,,,,,,,,,,,,,,,,,,
6348.0,Lincoln,,,,,,,,,,,,,,,,,,,,,,,,,
6430.0,Providence,,,,,,,,,,,,,,,,,,,,,,,,,
6439.0,Providence,,,,,,,,,,,,,,,,,,,,,,,,,
6455.0,Providence,,,,,,,,,,,,,,,,,,,,,,,,,
6466.0,Providence,,,,,,,,,,,,,,,,,,,,,,,,,
6478.0,Providence,,,,,,,,,,,,,,,,,,,,,,,,,
6498.0,Providence,,,,,,,,,,,,,,,,,,,,,,,,,
6273.0,Cranston,,,,,,,,,,,,,,,,,,,,,,,,,
6274.0,Cranston,,,,,,,,,,,,,,,,,,,,,,,,,
6275.0,Cranston,,,,,,,,,,,,,,,,,,,,,,,,,
6276.0,Cranston,,,,,,,,,,,,,,,,,,,,,,,,,
6277.0,Cranston,,,,,,,,,,,,,,,,,,,,,,,,,
6278.0,Cranston,,,,,,,,,,,,,,,,,,,,,,,,,
6279.0,Cranston,,,,,,,,,,,,,,,,,,,,,,,,,
6280.0,Cranston,,,,,,,,,,,,,,,,,,,,,,,,,
6046.0,Coventry,,,,,,,,,,,,,,,,,,,,,,,,,
6047.0,Coventry,,,,,,,,,,,,,,,,,,,,,,,,,
6048.0,Coventry,,,,,,,,,,,,,,,,,,,,,,,,,
6049.0,Coventry,,,,,,,,,,,,,,,,,,,,,,,,,
6050.0,Coventry,,,,,,,,,,,,,,,,,,,,,,,,,
6051.0,Coventry,,,,,,,,,,,,,,,,,,,,,,,,,
6052.0,Coventry,,,,,,,,,,,,,,,,,,,,,,,,,
6617.0,W. Warwick,,,,,,,,,,,,,,,,,,,,,,,,,
6618.0,W. Warwick,,,,,,,,,,,,,,,,,,,,,,,,,
6619.0,W. Warwick,,,,,,,,,,,,,,,,,,,,,,,,,
6655.0,Warwick,,,,,,,,,,,,,,,,,,,,,,,,,
6656.0,Warwick,,,,,,,,,,,,,,,,,,,,,,,,,
6015.0,Burrillville,,,,,,,,,,,,,,,,,,,,,,,,,
6016.0,Burrillville,,,,,,,,,,,,,,,,,,,,,,,,,
6017.0,Burrillville,,,,,,,,,,,,,,,,,,,,,,,,,
6018.0,Burrillville,,,,,,,,,,,,,,,,,,,,,,,,,
6019.0,Burrillville,,,,,,,,,,,,,,,,,,,,,,,,,
6020.0,Burrillville,,,,,,,,,,,,,,,,,,,,,,,,,
6021.0,Burrillville,,,,,,,,,,,,,,,,,,,,,,,,,
6022.0,Burrillville,,,,,,,,,,,,,,,,,,,,,,,,,
6190.0,Foster,,,,,,,,,,,,,,,,,,,,,,,,,
6191.0,Foster,,,,,,,,,,,,,,,,,,,,,,,,,
6192.0,Foster,,,,,,,,,,,,,,,,,,,,,,,,,
6193.0,Foster,,,,,,,,,,,,,,,,,,,,,,,,,
6194.0,Foster,,,,,,,,,,,,,,,,,,,,,,,,,
6327.0,Johnston,,,,,,,,,,,,,,,,,,,,,,,,,
6553.0,Scituate,,,,,,,,,,,,,,,,,,,,,,,,,
6554.0,Scituate,,,,,,,,,,,,,,,,,,,,,,,,,
6555.0,Scituate,,,,,,,,,,,,,,,,,,,,,,,,,
6556.0,Scituate,,,,,,,,,,,,,,,,,,,,,,,,,
6557.0,Scituate,,,,,,,,,,,,,,,,,,,,,,,,,
6558.0,Scituate,,,,,,,,,,,,,,,,,,,,,,,,,
6559.0,Scituate,,,,,,,,,,,,,,,,,,,,,,,,,
6560.0,Scituate,,,,,,,,,,,,,,,,,,,,,,,,,
6561.0,Scituate,,,,,,,,,,,,,,,,,,,,,,,,,
6587.0,Smithfield,,,,,,,,,,,,,,,,,,,,,,,,,
6588.0,Smithfield,,,,,,,,,,,,,,,,,,,,,,,,,
6004.0,Bristol,,,,,,,,,,,,,,,,,,,,,,,,,
6005.0,Bristol,,,,,,,,,,,,,,,,,,,,,,,,,
6146.0,E. Providence,,,,,,,,,,,,,,,,,,,,,,,,,
6147.0,E. Providence,,,,,,,,,,,,,,,,,,,,,,,,,
6215.0,Jamestown,,,,,,,,,,,,,,,,,,,,,,,,,
6216.0,Jamestown,,,,,,,,,,,,,,,,,,,,,,,,,
6418.0,Portsmouth,,,,,,,,,,,,,,,,,,,,,,,,,
6596.0,Tiverton,,,,,,,,,,,,,,,,,,,,,,,,,
6597.0,Tiverton,,,,,,,,,,,,,,,,,,,,,,,,,
6598.0,Tiverton,,,,,,,,,,,,,,,,,,,,,,,,,
6599.0,Tiverton,,,,,,,,,,,,,,,,,,,,,,,,,
6600.0,Tiverton,,,,,,,,,,,,,,,,,,,,,,,,,
6030.0,Charlestown,,,,,,,,,,,,,,,,,,,,,,,,,
6167.0,Exeter,,,,,,,,,,,,,,,,,,,,,,,,,
6168.0,Exeter,,,,,,,,,,,,,,,,,,,,,,,,,
6169.0,Exeter,,,,,,,,,,,,,,,,,,,,,,,,,
6170.0,Exeter,,,,,,,,,,,,,,,,,,,,,,,,,
6209.0,Hopkinton,,,,,,,,,,,,,,,,,,,,,,,,,
6210.0,Hopkinton,,,,,,,,,,,,,,,,,,,,,,,,,
6211.0,Hopkinton,,,,,,,,,,,,,,,,,,,,,,,,,
6212.0,Hopkinton,,,,,,,,,,,,,,,,,,,,,,,,,
6513.0,Richmond,,,,,,,,,,,,,,,,,,,,,,,,,
6514.0,Richmond,,,,,,,,,,,,,,,,,,,,,,,,,
6534.0,S. Kingstown,,,,,,,,,,,,,,,,,,,,,,,,,
6679.0,Westerly,,,,,,,,,,,,,,,,,,,,,,,,,
6680.0,Westerly,,,,,,,,,,,,,,,,,,,,,,,,,
6128.0,E. Greenwich,,,,,,,,,,,,,,,,,,,,,,,,,
6257.0,N. Kingstown,,,,,,,,,,,,,,,,,,,,,,,,,
6258.0,N. Kingstown,,,,,,,,,,,,,,,,,,,,,,,,,
6259.0,N. Kingstown,,,,,,,,,,,,,,,,,,,,,,,,,
6260.0,N. Kingstown,,,,,,,,,,,,,,,,,,,,,,,,,
6261.0,N. Kingstown,,,,,,,,,,,,,,,,,,,,,,,,,
6262.0,N. Kingstown,,,,,,,,,,,,,,,,,,,,,,,,,
6268.0,N. Providence,,,,,,,,,,,,,,,,,,,,,,,,,
6373.0,Narragansett,,,,,,,,,,,,,,,,,,,,,,,,,
6028.0,Central Falls,,,,,,,,,,,,,,,,,,,,,,,,,
6110.0,Central Falls,,,,,,,,,,,,,,,,,,,,,,,,,
6226.0,Lincoln,,,,,,,,,,,,,,,,,,,,,,,,,
6227.0,Lincoln,,,,,,,,,,,,,,,,,,,,,,,,,
6228.0,Lincoln,,,,,,,,,,,,,,,,,,,,,,,,,
6229.0,Lincoln,,,,,,,,,,,,,,,,,,,,,,,,,
6111.0,Cumberland,,,,,,,,,,,,,,,,,,,,,,,,,
6112.0,Cumberland,,,,,,,,,,,,,,,,,,,,,,,,,
6402.0,Pawtucket,,,,,,,,,,,,,,,,,,,,,,,,,
6403.0,Pawtucket,,,,,,,,,,,,,,,,,,,,,,,,,
6404.0,Pawtucket,,,,,,,,,,,,,,,,,,,,,,,,,
6405.0,Pawtucket,,,,,,,,,,,,,,,,,,,,,,,,,
6406.0,Pawtucket,,,,,,,,,,,,,,,,,,,,,,,,,
6407.0,Pawtucket,,,,,,,,,,,,,,,,,,,,,,,,,
6695.0,Woonsocket,,,,,,,,,,,,,,,,,,,,,,,,,
6696.0,Woonsocket,,,,,,,,,,,,,,,,,,,,,,,,,
6697.0,Woonsocket,,,,,,,,,,,,,,,,,,,,,,,,,
6698.0,Woonsocket,,,,,,,,,,,,,,,,,,,,,,,,,
6379.0,Newport,,,,,,,,,,,,,,,,,,,,,,,,,
6281.0,Cranston,,,,,,,,,,,,,,,,,,,,,,,,,
6282.0,Cranston,,,,,,,,,,,,,,,,,,,,,,,,,
6283.0,Cranston,,,,,,,,,,,,,,,,,,,,,,,,,
6284.0,Cranston,,,,,,,,,,,,,,,,,,,,,,,,,
6285.0,Cranston,,,,,,,,,,,,,,,,,,,,,,,,,
6286.0,Cranston,,,,,,,,,,,,,,,,,,,,,,,,,
6287.0,Cranston,,,,,,,,,,,,,,,,,,,,,,,,,
6288.0,Cranston,,,,,,,,,,,,,,,,,,,,,,,,,
6289.0,Cranston,,,,,,,,,,,,,,,,,,,,,,,,,
6657.0,Warwick,,,,,,,,,,,,,,,,,,,,,,,,,
6658.0,Warwick,,,,,,,,,,,,,,,,,,,,,,,,,
6356.0,Providence,,,,,,,,,,,,,,,,,,,,,,,,,
6370.0,N. Smithfield,,,,,,,,,,,,,,,,,,,,,,,,,
6408.0,Pawtucket,,,,,,,,,,,,,,,,,,,,,,,,,
6659.0,Warwick,,,,,,,,,,,,,,,,,,,,,,,,,
6660.0,Warwick,,,,,,,,,,,,,,,,,,,,,,,,,
6661.0,Warwick,,,,,,,,,,,,,,,,,,,,,,,,,
6662.0,Warwick,,,,,,,,,,,,,,,,,,,,,,,,,
6663.0,Warwick,,,,,,,,,,,,,,,,,,,,,,,,,
6664.0,Warwick,,,,,,,,,,,,,,,,,,,,,,,,,
6515.0,Richmond,,,,,,,,,,,,,,,,,,,,,,,,,
6148.0,E. Providence,,,,,,,,,,,,,,,,,,,,,,,,,
6149.0,E. Providence,,,,,,,,,,,,,,,,,,,,,,,,,
6150.0,E. Providence,,,,,,,,,,,,,,,,,,,,,,,,,
6151.0,E. Providence,,,,,,,,,,,,,,,,,,,,,,,,,
6171.0,Exeter,,,,,,,,,,,,,,,,,,,,,,,,,
6328.0,Johnston,,,,,,,,,,,,,,,,,,,,,,,,,
6329.0,Johnston,,,,,,,,,,,,,,,,,,,,,,,,,
6463.0,Providence,,,,,,,,,,,,,,,,,,,,,,,,,
6516.0,Richmond,,,,,,,,,,,,,,,,,,,,,,,,,
6517.0,Richmond,,,,,,,,,,,,,,,,,,,,,,,,,
6518.0,Richmond,,,,,,,,,,,,,,,,,,,,,,,,,
6607.0,W. Greenwich,,,,,,,,,,,,,,,,,,,,,,,,,
6665.0,Warwick,,,,,,,,,,,,,,,,,,,,,,,,,
6666.0,Warwick,,,,,,,,,,,,,,,,,,,,,,,,,
6023.0,Burrillville,,,,,,,,,,,,,,,,,,,,,,,,,
6053.0,Coventry,,,,,,,,,,,,,,,,,,,,,,,,,
6129.0,E. Greenwich,,,,,,,,,,,,,,,,,,,,,,,,,
6213.0,Hopkinton,,,,,,,,,,,,,,,,,,,,,,,,,
6214.0,Hopkinton,,,,,,,,,,,,,,,,,,,,,,,,,
6290.0,Cranston,,,,,,,,,,,,,,,,,,,,,,,,,
6291.0,Cranston,,,,,,,,,,,,,,,,,,,,,,,,,
6292.0,Cranston,,,,,,,,,,,,,,,,,,,,,,,,,
6667.0,Warwick,,,,,,,,,,,,,,,,,,,,,,,,,
6668.0,Warwick,,,,,,,,,,,,,,,,,,,,,,,,,
6669.0,Warwick,,,,,,,,,,,,,,,,,,,,,,,,,
6670.0,Warwick,,,,,,,,,,,,,,,,,,,,,,,,,
6671.0,Warwick,,,,,,,,,,,,,,,,,,,,,,,,,
6672.0,Warwick,,,,,,,,,,,,,,,,,,,,,,,,,
6293.0,Cranston,,,,,,,,,,,,,,,,,,,,,,,,,
6489.0,Providence,,,,,,,,,,,,,,,,,,,,,,,,,
6673.0,Warwick,,,,,,,,,,,,,,,,,,,,,,,,,
6113.0,Cumberland,,,,,,,,,,,,,,,,,,,,,,,,,
6230.0,Lincoln,,,,,,,,,,,,,,,,,,,,,,,,,
6681.0,Westerly,,,,,,,,,,,,,,,,,,,,,,,,,
6682.0,Westerly,,,,,,,,,,,,,,,,,,,,,,,,,
6357.0,Providence,,,,,,,,,,,,,,,,,,,,,,,,,
6426.0,Providence,,,,,,,,,,,,,,,,,,,,,,,,,
6427.0,Providence,,,,,,,,,,,,,,,,,,,,,,,,,
6429.0,Providence,,,,,,,,,,,,,,,,,,,,,,,,,
6440.0,Providence,,,,,,,,,,,,,,,,,,,,,,,,,
6441.0,Providence,,,,,,,,,,,,,,,,,,,,,,,,,
6470.0,Providence,,,,,,,,,,,,,,,,,,,,,,,,,
6487.0,Providence,,,,,,,,,,,,,,,,,,,,,,,,,
6491.0,Providence,,,,,,,,,,,,,,,,,,,,,,,,,
6152.0,E. Providence,,,,,,,,,,,,,,,,,,,,,,,,,
6153.0,E. Providence,,,,,,,,,,,,,,,,,,,,,,,,,
6154.0,E. Providence,,,,,,,,,,,,,,,,,,,,,,,,,
6155.0,E. Providence,,,,,,,,,,,,,,,,,,,,,,,,,
6294.0,Cranston,,,,,,,,,,,,,,,,,,,,,,,,,
6295.0,Cranston,,,,,,,,,,,,,,,,,,,,,,,,,
6674.0,Warwick,,,,,,,,,,,,,,,,,,,,,,,,,
6675.0,Warwick,,,,,,,,,,,,,,,,,,,,,,,,,
6419.0,Portsmouth,,,,,,,,,,,,,,,,,,,,,,,,,
6420.0,Portsmouth,,,,,,,,,,,,,,,,,,,,,,,,,
6421.0,Portsmouth,,,,,,,,,,,,,,,,,,,,,,,,,
6422.0,Portsmouth,,,,,,,,,,,,,,,,,,,,,,,,,
6601.0,Tiverton,,,,,,,,,,,,,,,,,,,,,,,,,
6676.0,Warwick,,,,,,,,,,,,,,,,,,,,,,,,,
6700.0,Cranston,,,,,,,,,,,,,,,,,,,,,,,,,
6701.0,Foster,,,,,,,,,,,,,,,,,,,,,,,,,
6702.0,Foster,,,,,,,,,,,,,,,,,,,,,,,,,
6703.0,Foster,,,,,,,,,,,,,,,,,,,,,,,,,
6704.0,N. Kingstown,,,,,,,,,,,,,,,,,,,,,,,,,
6705.0,Providence,,,,,,,,,,,,,,,,,,,,,,,,,
6706.0,Providence,,,,,,,,,,,,,,,,,,,,,,,,,
6708.0,Tiverton,,,,,,,,,,,,,,,,,,,,,,,,,
1356.0,Middletown,3.4,114.0,,,,,,,,,,,,,,,,,2.8,,,,0.0,0.0,0.0
6720.0,Providence,,,,,,,,,,,,,,,,,,,,,,,,,
6721.0,Providence,,,,,,,,,,,,,,,,,,,,,,,,,
6722.0,Providence,,,,,,,,,,,,,,,,,,,,,,,,,
6723.0,Providence,,,,,,,,,,,,,,,,,,,,,,,,,
6724.0,Providence,,,,,,,,,,,,,,,,,,,,,,,,,
6725.0,Providence,,,,,,,,,,,,,,,,,,,,,,,,,
6726.0,Providence,,,,,,,,,,,,,,,,,,,,,,,,,
6727.0,Providence,,,,,,,,,,,,,,,,,,,,,,,,,
6710.0,Cranston,,,,,,,,,,,,,,,,,,,,,,,,,
6711.0,E. Providence,,,,,,,,,,,,,,,,,,,,,,,,,
6712.0,E. Providence,,,,,,,,,,,,,,,,,,,,,,,,,
6713.0,Exeter,,,,,,,,,,,,,,,,,,,,,,,,,
6714.0,Exeter,,,,,,,,,,,,,,,,,,,,,,,,,
6715.0,Foster,,,,,,,,,,,,,,,,,,,,,,,,,
6716.0,Hopkinton,,,,,,,,,,,,,,,,,,,,,,,,,
6717.0,Narragansett,,,,,,,,,,,,,,,,,,,,,,,,,
6718.0,N. Smithfield,,,,,,,,,,,,,,,,,,,,,,,,,
6719.0,Pawtucket,,,,,,,,,,,,,,,,,,,,,,,,,
6728.0,Providence,,,,,,,,,,,,,,,,,,,,,,,,,
6729.0,S. Kingstown,,,,,,,,,,,,,,,,,,,,,,,,,
6730.0,S. Kingstown,,,,,,,,,,,,,,,,,,,,,,,,,
6731.0,S. Kingstown,,,,,,,,,,,,,,,,,,,,,,,,,
6732.0,S. Kingstown,,,,,,,,,,,,,,,,,,,,,,,,,
6733.0,S. Kingstown,,,,,,,,,,,,,,,,,,,,,,,,,
6734.0,S. Kingstown,,,,,,,,,,,,,,,,,,,,,,,,,
6735.0,S. Kingstown,,,,,,,,,,,,,,,,,,,,,,,,,
6736.0,W. Greenwich,,,,,,,,,,,,,,,,,,,,,,,,,
6737.0,E. Providence,,,,,,,,,,,,,,,,,,,,,,,,,
6738.0,Lincoln,,,,,,,,,,,,,,,,,,,,,,,,,
6739.0,Smithfield,,,,,,,,,,,,,,,,,,,,,,,,,
6740.0,Warwick,,,,,,,,,,,,,,,,,,,,,,,,,
9012.0,,0.0,602.0,,,,0.0,,,,,,,,,,,,,,,,,0.0,0.0,0.0
9013.0,,0.0,603.0,,,,0.0,,,,,,,,,,,,,,,,,0.0,0.0,0.0
7020.0,Providence,0.0,713.0,,,,,,,,,,,,,,,,,,,,,0.0,0.0,0.0
2002.0,Providence,0.0,715.0,,,,,,,,,,,,,,,,,,,,,0.0,0.0,0.0
2003.0,"Lincoln, Burrillville",,,,,,,,,,,,,,,,,,,,,,,,,
2004.0,Lincoln,,,,,,,,,,,,,,,,,,,,,,,,,
2005.0,"Coventry, Foster",,,,,,,,,,,,,,,,,,,,,,,,,
2006.0,Burrillville,0.0,716.0,,,,,,,,,,,,,,,,,,,,,0.0,0.0,0.0
2007.0,South Kingstown,0.0,717.0,,,,,,,,,,,,,,,,,,,,,0.0,0.0,0.0
2008.0,Coventry,,,,,,,,,,,,,,,,,,,,,,,,,
2009.0,Portsmouth,,,,,,,,,,,,,,,,,,,,,,,,,
2010.0,"Providence, N. Providence, Lincoln",,,,,,,,,,,,,,,,,,,,,,,,,
2011.0,"Cranston, Warwick",,,,,,,,,,,,,,,,,,,,,,,,,
2012.0,North Kingstown,,,,,,,,,,,,,,,,,,,,,,,,,
2016.0,"Cranston, Johnston, Scituate, Glocester, S. Kingstown, E. Providence, Pawtucket, Lincoln, Smithfield, Richmond, E. Greenwich",,,,,,,,,,,,,,,,,,,,,,,,,
2017.0,"Hopkinton, Warwick, N. Smithfield, Portsmouth",,,,,,,,,,,,,,,,,,,,,,,,,
2013.0,South Kingstown,,,,,,,,,,,,,,,,,,,,,,,,,
2014.0,"Providence, N. Providence",,,,,,,,,,,,,,,,,,,,,,,,,
2018.0,"Barrington, E. Providence, N. Kingstown, Warren",,,,,,,,,,,,,,,,,,,,,,,,,
2019.0,Cranston,,,,,,,,,,,,,,,,,,,,,,,,,
2020.0,Coventry,,,,,,,,,,,,,,,,,,,,,,,,,
2021.0,Warwick,,,,,,,,,,,,,,,,,,,,,,,,,
2022.0,Johnston,,,,,,,,,,,,,,,,,,,,,,,,,
2023.0,South Kingstown,,,,,,,,,,,,,,,,,,,,,,,,,
2024.0,"Coventry, Scituate, W. Greenwich",,,,,,,,,,,,,,,,,,,,,,,,,
2025.0,Providence,,,,,,,,,,,,,,,,,,,,,,,,,
2026.0,Middletown,,,,,,,,,,,,,,,,,,,,,,,,,
2027.0,Warwick,,,,,,,,,,,,,,,,,,,,,,,,,
2028.0,Johnston,,,,,,,,,,,,,,,,,,,,,,,,,
2029.0,North Kingstown,,,,,,,,,,,,,,,,,,,,,,,,,
2030.0,Hopkinton,,,,,,,,,,,,,,,,,,,,,,,,,
7901.0,"Westerly, South Kingston, Woonsocket",0.35,588.0,,,,,,0.35,,,,,,,,,,,,,,,0.0,0.0,0.0
7904.0,Portsmouth,0.5753,591.0,,,,,,0.5753,,,,,,,,,,,,,,,0.0,0.0,0.0
5184.0,Providence,1.2,714.0,,,,1.2,,,,,,,,,,,,,,,,,0.0,0.0,0.0
7019.0,Providence,,,,,,,,,,,,,,,,,,,,,,,,,
1116.0,,1.0,29.0,,,,,,,,,,,,,,,,,1.0,,,,0.0,0.0,0.0
1117.0,,0.15,30.0,,0.15,,,,,,,,,,,,,,,,,,,0.0,0.0,0.0
1118.0,,1.0,31.0,,1.0,,,,,,,,,,,,,,,,,,,0.0,0.0,0.0
1264.0,,12.7,32.0,,,,1.21,,,,,,,,,,7.25,,,4.24,,,,0.0,0.0,0.0
1265.0,,2.5,33.0,,,,0.5,,,,,,,,,,1.0,,,1.0,,,,0.0,0.0,0.0
1427.0,,2.5,177.0,,0.5,,2.0,,,,,,,,,,,,,,,,,0.0,0.0,0.0
1430.0,,0.0,178.0,,,0.0,,,,,,,,,0.0,,,,,0.0,,,,0.0,0.0,0.0
1431.0,,0.4,179.0,,,,,,,,,,,,,,,,,0.4,,,,0.0,0.0,0.0
1444.0,,0.0,181.0,,,,,,,,,,,,0.0,,,,,,,,,0.0,0.0,0.0
1445.0,,0.3,182.0,,,,,,,,,,,,,,,,,0.3,,,,0.0,0.0,0.0
1446.0,,0.5,183.0,,,,,,,,,,,,0.5,,,,,,,,,0.0,0.0,0.0
1457.0,,0.0,191.0,,,,,,,,,,,,0.0,,,,,,,,,0.0,0.0,0.0
1468.0,,0.0,202.0,,,,,,,,,,,,,,,,,0.0,,,,0.0,0.0,0.0
1470.0,,1.1,204.0,,,,,,,,,,,,1.1,,,,,,,,,0.0,0.0,0.0
1478.0,,0.4,212.0,,,,,,,,,,,,0.4,,,,,,,,,0.0,0.0,0.0
1521.0,,0.0,249.0,,,,,,,,,,,,0.0,,,,,,,,,0.0,0.0,0.0
1538.0,,0.0,266.0,,,,,,,,,,,,0.0,,,,,,,,,0.0,0.0,0.0
7000.0,,1.9,529.0,,,,,,,,,,1.9,,,,,,,,,,,0.0,0.0,0.0
7101.0,,2.54,530.0,,,,,,,,,,,,,,,2.54,,,,,,0.0,0.0,0.0
7102.0,,1.59,531.0,,,,,,,,,,,,,,,1.59,,,,,,0.0,0.0,0.0
7103.0,,0.3,532.0,,,,,,,,,,,,,,,0.3,,,,,,0.0,0.0,0.0
7104.0,,0.1,533.0,,,,,,,,,,,,,,,0.1,,,,,,0.0,0.0,0.0
7105.0,,0.1,534.0,,,,,,,,,,,,,,,0.1,,,,,,0.0,0.0,0.0
7106.0,,0.1,535.0,,,,,,,,,,,,,,,,,,,,0.1,0.0,0.0,0.0
7107.0,,2.0,536.0,,,,,,,,,,,,,,,2.0,,,,,,0.0,0.0,0.0
7108.0,,0.5,537.0,,,,,,,,,,,,,,,0.5,,,,,,0.0,0.0,0.0
7150.0,,0.0,539.0,,,,,,,,,,,,,,,,,,,,,0.0,0.0,0.0
7201.0,,9.0,540.0,,,,,,,,,,,,,,2.25,,,6.75,,,,0.0,0.0,0.0
7202.0,,6.13,541.0,,,,,,,,,,,,,,1.5325,,,4.5975,,,,0.0,0.0,0.0
7203.0,,0.1,542.0,,0.1,,,,,,,,,,,,,,,,,,,0.0,0.0,0.0
7301.0,,2.0,543.0,,,,,,,,,,,,,,0.5,,,1.5,,,,0.0,0.0,0.0
7302.0,,0.25,544.0,,0.25,,,,,,,,,,,,,,,,,,,0.0,0.0,0.0
7303.0,,0.25,545.0,,,,,,,,,,,,,,0.0625,,,0.1875,,,,0.0,0.0,0.0
7304.0,,1.0,546.0,,1.0,,,,,,,,,,,,,,,,,,,0.0,0.0,0.0
7305.0,,3.64,547.0,,,,,,,,,,,,,,0.91,,,2.73,,,,0.0,0.0,0.0
7401.0,,2.0,548.0,,,,2.0,,,,,,,,,,,,,,,,,0.0,0.0,0.0
7402.0,,0.8,549.0,,,,0.8,,,,,,,,,,,,,,,,,0.0,0.0,0.0
7403.0,,3.9,550.0,,,,3.9,,,,,,,,,,,,,,,,,0.0,0.0,0.0
7404.0,,0.5,551.0,,,,0.5,,,,,,,,,,,,,,,,,0.0,0.0,0.0
7501.0,,11.0,552.0,,11.0,,,,,,,,,,,,,,,,,,,0.0,0.0,0.0
7502.0,,5.4632,553.0,,,,5.4632,,,,,,,,,,,,,,,,,0.0,0.0,0.0
7503.0,,24.3711,554.0,,,,24.3711,,,,,,,,,,,,,,,,,0.0,0.0,0.0
7504.0,,0.6,555.0,,0.6,,,,,,,,,,,,,,,,,,,0.0,0.0,0.0
7505.0,,3.5,556.0,,,,,,,,,,,,,,3.5,,,,,,,0.0,0.0,0.0
7506.0,,2.0,557.0,,,,,,,,,,,,,,0.5,,,1.5,,,,0.0,0.0,0.0
7507.0,,0.5,558.0,,0.5,,,,,,,,,,,,,,,,,,,0.0,0.0,0.0
7601.0,,1.25,559.0,,1.25,,,,,,,,,,,,,,,,,,,0.0,0.0,0.0
7602.0,,0.75,560.0,,0.75,,,,,,,,,,,,,,,,,,,0.0,0.0,0.0
7603.0,,1.0,561.0,,1.0,,,,,,,,,,,,,,,,,,,0.0,0.0,0.0
7604.0,,1.6,562.0,,1.6,,,,,,,,,,,,,,,,,,,0.0,0.0,0.0
7605.0,,3.3,563.0,,3.3,,,,,,,,,,,,,,,,,,,0.0,0.0,0.0
7606.0,,0.4,564.0,,0.4,,,,,,,,,,,,,,,,,,,0.0,0.0,0.0
7607.0,,0.46,565.0,,0.46,,,,,,,,,,,,,,,,,,,0.0,0.0,0.0
7608.0,,2.9,566.0,,2.9,,,,,,,,,,,,,,,,,,,0.0,0.0,0.0
7609.0,,6.0,567.0,,6.0,,,,,,,,,,,,,,,,,,,0.0,0.0,0.0
7610.0,,0.14,568.0,,0.14,,,,,,,,,,,,,,,,,,,0.0,0.0,0.0
7611.0,,0.09,569.0,,0.09,,,,,,,,,,,,,,,,,,,0.0,0.0,0.0
7612.0,,0.4,570.0,,0.4,,,,,,,,,,,,,,,,,,,0.0,0.0,0.0
7613.0,,5.0,571.0,,5.0,,,,,,,,,,,,,,,,,,,0.0,0.0,0.0
7614.0,,3.6813,572.0,,3.6813,,,,,,,,,,,,,,,,,,,0.0,0.0,0.0
7615.0,,-9.0,573.0,,-9.0,,,,,,,,,,,,,,,,,,,0.0,0.0,0.0
7701.0,,39.3565,574.0,,39.3565,,,,,,,,,,,,,,,,,,,0.0,0.0,0.0
7702.0,,26.69,575.0,,,,14.1,,,,,,,,,,12.586,,,,,,,0.0,0.0,0.0
7703.0,,6.9,576.0,,6.9,,,,,,,,,,,,,,,,,,,0.0,0.0,0.0
7801.0,,0.4,577.0,,0.4,,,,,,,,,,,,,,,,,,,0.0,0.0,0.0
7802.0,,2.2,578.0,,2.2,,,,,,,,,,,,,,,,,,,0.0,0.0,0.0
7803.0,,2.1,579.0,,2.1,,,,,,,,,,,,,,,,,,,0.0,0.0,0.0
7804.0,,2.4,580.0,,2.4,,,,,,,,,,,,,,,,,,,0.0,0.0,0.0
7805.0,,0.12,581.0,,0.03,,,,,,,,,,,,,,0.09,,,,,0.0,0.0,0.0
7806.0,,0.6,582.0,,,,,,,,,,,,,,,,,0.6,,,,0.0,0.0,0.0
7807.0,,0.12,583.0,,0.12,,,,,,,,,,,,,,,,,,,0.0,0.0,0.0
7808.0,,3.4931,584.0,,0.6986,,,,,,,,,,,,,,2.7945,,,,,0.0,0.0,0.0
7809.0,,0.13,585.0,,,0.13,,,,,,,,,,,,,,,,,,0.0,0.0,0.0
7810.0,,1.3378,586.0,,,,,,,,,,,,,,1.3378,,,,,,,0.0,0.0,0.0
7811.0,,1.92,587.0,,0.4,,,,,,,,,,,,,,1.4,,,,0.12,0.0,0.0,0.0
7902.0,,2.5,589.0,,,,,,2.5,,,,,,,,,,,,,,,0.0,0.0,0.0
7903.0,,1.0,590.0,,,,,,1.0,,,,,,,,,,,,,,,0.0,0.0,0.0
7905.0,,0.0,592.0,,,,,,0.0,,,,,,,,,,,,,,,0.0,0.0,0.0
7906.0,,0.4,593.0,,,,,,0.4,,,,,,,,,,,,,,,0.0,0.0,0.0
7907.0,,0.0,594.0,,,,,,0.0,,,,,,,,,,,,,,,0.0,0.0,0.0
8000.0,,0.0,595.0,,,,,,,,,,,,,,,,,,,,,0.0,0.0,0.0
9011.0,,0.0,601.0,,,,0.0,,,,,,,,,,,,,,,,,0.0,0.0,0.0
9202.0,,0.0,605.0,,,,,,,,,,,,,,0.0,,,,,,,0.0,0.0,0.0
9203.0,,0.0,606.0,,,,,,,,,,,,,,,,,0.0,,,,0.0,0.0,0.0
9204.0,,0.0,607.0,,,,,,,,,,,,,,0.0,,,,,,,0.0,0.0,0.0
9205.0,,0.0,608.0,,,,,,,,,,,,,,0.0,,,,,,,0.0,0.0,0.0
9300.0,,0.0,609.0,,,,0.0,,,,,,,,,,,,,,,,,0.0,0.0,0.0
9301.0,,0.0,610.0,,,,0.0,,,,,,,,,,,,,,,,,0.0,0.0,0.0
9302.0,,0.0,611.0,,,,0.0,,,,,,,,,,,,,,,,,0.0,0.0,0.0
9303.0,,0.0,612.0,,,,0.0,,,,,,,,,,,,,,,,,0.0,0.0,0.0
9304.0,,0.0,613.0,,,,0.0,,,,,,,,,,,,,,,,,0.0,0.0,0.0
9305.0,,0.0,614.0,,,,0.0,,,,,,,,,,,,,,,,,0.0,0.0,0.0
9306.0,,0.0,615.0,,,,0.0,,,,,,,,,,,,,,,,,0.0,0.0,0.0
9307.0,,0.95,616.0,,,,0.95,,,,,,,,,,,,,,,,,0.0,0.0,0.0
9308.0,,0.5,617.0,,,,0.5,,,,,,,,,,,,,,,,,0.0,0.0,0.0
11001.0,,3.0,623.0,,,,,,,,,,,,,,,,,,,3.0,,0.0,0.0,0.0
11003.0,,2.44,624.0,,,,,,,,,,,,,,,,1.9,,,,0.54,0.0,0.0,0.0
7151.0,,0.0,625.0,,,,,,,,,,,,,,,,,,,,,0.0,0.0,0.0
9010.0,,0.1,626.0,,,,,,,,,,,0.1,,,,,,,,,,0.0,0.0,0.0
1438.0,,0.0,627.0,,,,,,,,,,,,,,,,,,,,,0.0,0.0,0.0
1447.0,,0.0,628.0,,,,,,,,,,,,,,,,,,,,,0.0,0.0,0.0
9401.0,,0.78,695.0,,0.0,0.0,0.0,0.0,0.0,0.0,0.0,0.0,0.0,0.0,0.0,0.0,0.0,0.0,0.0,0.78,0.0,0.0,0.0,0.0,0.0,0.0
9402.0,,1.45,696.0,,0.0,0.0,0.0,0.0,0.0,0.0,0.0,0.0,0.0,0.0,0.0,0.0,0.0,0.0,0.0,1.45,0.0,0.0,0.0,0.0,0.0,0.0
9403.0,,0.93,697.0,,0.0,0.0,0.0,0.0,0.0,0.0,0.0,0.0,0.0,0.0,0.0,0.0,0.93,0.0,0.0,0.0,0.0,0.0,0.0,0.0,0.0,0.0
9404.0,,1.6,698.0,,0.0,0.0,0.0,0.0,0.0,0.0,0.0,0.0,0.0,0.0,0.0,0.0,0.0,0.0,0.0,1.6,0.0,0.0,0.0,0.0,0.0,0.0
9405.0,,0.78,699.0,,0.0,0.0,0.0,0.0,0.0,0.0,0.0,0.0,0.0,0.0,0.0,0.0,0.0,0.0,0.0,0.78,0.0,0.0,0.0,0.0,0.0,0.0
9601.0,,0.47,700.0,,0.0,0.0,0.0,0.0,0.0,0.0,,0.0,0.0,0.0,0.27,0.0,0.0,0.0,0.0,0.2,0.0,0.0,,0.0,0.0,0.0
9602.0,,0.075,701.0,,0.0,0.0,0.0,0.0,0.0,0.0,,0.0,0.0,0.0,0.08,0.0,0.0,0.0,0.0,0.0,0.0,0.0,,0.0,0.0,0.0
9603.0,,0.71,702.0,,0.0,0.0,0.0,0.0,0.0,0.0,0.0,0.0,0.0,0.0,0.0,,0.0,0.0,0.0,0.71,0.0,0.0,,0.0,0.0,0.0
9604.0,,0.5375,703.0,,0.0,0.0,0.0,0.0,0.0,0.0,,0.0,0.0,0.0,0.54,0.0,0.0,0.0,0.0,0.0,0.0,0.0,,0.0,0.0,0.0
9605.0,,0.24,704.0,,0.0,0.0,0.0,0.0,0.0,0.0,0.0,0.0,0.0,0.0,0.0,,0.0,0.0,0.0,0.24,0.0,0.0,,0.0,0.0,0.0
9607.0,,0.075,705.0,,0.0,0.0,0.0,0.0,0.0,0.0,0.0,0.0,0.0,0.0,0.0,,0.0,0.0,0.0,0.08,0.0,0.0,,0.0,0.0,0.0
9608.0,,0.53,706.0,,0.0,0.0,0.0,0.0,0.0,0.0,,0.0,0.0,0.0,0.53,0.0,0.0,0.0,0.0,0.0,0.0,0.0,,0.0,0.0,0.0
9609.0,,0.12,707.0,,0.0,0.0,0.0,0.0,0.0,0.0,,0.0,0.0,0.0,0.12,0.0,0.0,0.0,0.0,0.0,0.0,0.0,,0.0,0.0,0.0
9610.0,,1.25,708.0,,0.0,0.0,0.0,0.0,0.0,0.0,0.0,0.0,0.0,0.0,0.0,,0.0,0.0,0.0,1.25,0.0,0.0,,0.0,0.0,0.0
9611.0,,0.1125,709.0,,0.0,0.0,0.0,0.0,0.0,0.0,,0.0,0.0,0.0,0.11,0.0,0.0,0.0,0.0,0.0,0.0,0.0,,0.0,0.0,0.0
9612.0,,0.94,710.0,,0.0,0.0,0.0,0.0,0.0,0.0,,0.0,0.0,0.0,0.94,0.0,0.0,0.0,0.0,0.0,0.0,0.0,,0.0,0.0,0.0
9613.0,,0.0,711.0,,0.0,0.0,0.0,0.0,0.0,0.0,0.0,0.0,0.0,0.0,0.0,0.0,0.0,0.0,0.0,0.0,0.0,0.0,,0.0,0.0,0.0
9614.0,,0.075,712.0,,0.0,0.0,0.0,0.0,0.0,0.0,,0.0,0.0,0.0,0.08,0.0,0.0,0.0,0.0,0.0,0.0,0.0,,0.0,0.0,0.0
9500.0,,0.0,176.0,,,,,,,,,,,,,,,,,,,,,0.0,0.0,0.0
801.0,,8.0,400.0,Immediate Action,,8.0,,,,,,,,,,,,,,,,,,0.0,0.0,0.0
802.0,,5.0,401.0,Bridge Project Currently Under Construction,,,,,,,,,,,,,3.0,,,2.0,,,,0.0,0.0,0.0
813.0,,0.8244,402.0,Bridge Group 01,,,,,,,,,,,,,0.824,,,,,,,0.0,0.0,0.0
814.0,,0.0,403.0,Bridge Group 02,,,,,,,,,,,,,,,,,,,,0.0,0.0,0.0
815.0,,0.875,404.0,Bridge Group 03,,,,,,,,,,,,,0.875,,,,,,,0.0,0.0,0.0
816.0,,0.0,405.0,Bridge Group 04,,,,,,,,,,,,,,,,,,,,0.0,0.0,0.0
817.0,,2.0749,406.0,Bridge Group 05,,0.207,,,,,,,,,,,,,,,1.868,,,0.0,0.0,0.0
818.0,,0.6975,407.0,Bridge Group 06,,,,,,,,,,,,,0.698,,,,,,,0.0,0.0,0.0
819.0,,0.0,408.0,Bridge Group 07,,,,,,,,,,,,,,,,,,,,0.0,0.0,0.0
820.0,,0.0,409.0,Bridge Group 08,,,,,,,,,,,,,,,,,,,,0.0,0.0,0.0
821.0,,1.4461,410.0,Bridge Group 09,,0.145,,,,,,,,,,,1.301,,,,,,,0.0,0.0,0.0
822.0,,0.0,411.0,Bridge Group 10,,,,,,,,,,,,,,,,,,,,0.0,0.0,0.0
823.0,,4.6198,412.0,Bridge Group 11,,0.924,,,,,,,,,,,3.696,,,,,,,0.0,0.0,0.0
824.0,,5.4139,413.0,Bridge Group 12,,1.084,,,,,,,,,,,2.598,,,,1.732,,,0.0,0.0,0.0
825.0,,7.7898,414.0,Bridge Group 13,,1.558,,,,,,,,,,,5.6,,,0.632,,,,0.0,0.0,0.0
826.0,,0.0,415.0,Bridge Group 14,,,,,,,,,,,,,,,,,,,,0.0,0.0,0.0
827.0,,6.4387,416.0,Bridge Group 15,,1.288,,,,,,,,,,,,,,5.151,,,,0.0,0.0,0.0
828.0,,0.046,417.0,Bridge Group 16,,,,,,,,,,,,,0.046,,,,,,,0.0,0.0,0.0
829.0,,1.0481,418.0,Bridge Group 17,,,,,,,,,,,,,0.7,,,,0.348,,,0.0,0.0,0.0
830.0,,0.0,419.0,Bridge Group 18,,,,,,,,,,,,,,,,,,,,0.0,0.0,0.0
831.0,,0.0,420.0,Bridge Group 19,,,,,,,,,,,,,,,,,,,,0.0,0.0,0.0
832.0,,0.0,421.0,Bridge Group 20,,,,,,,,,,,,,,,,,,,,0.0,0.0,0.0
833.0,,0.5539,422.0,Bridge Group 21,,,,,,,,,,,,,,,,,0.554,,,0.0,0.0,0.0
834.0,,0.0,423.0,Bridge Group 22,,,,,,,,,,,,,,,,,,,,0.0,0.0,0.0
835.0,,0.0,424.0,Bridge Group 23,,,,,,,,,,,,,,,,,,,,0.0,0.0,0.0
836.0,,0.0,425.0,Bridge Group 24,,,,,,,,,,,,,,,,,,,,0.0,0.0,0.0
837.0,,0.0,426.0,Bridge Group 25,,,,,,,,,,,,,,,,,,,,0.0,0.0,0.0
838.0,,0.0,427.0,Bridge Group 26,,,,,,,,,,,,,,,,,,,,0.0,0.0,0.0
844.0,,0.0,428.0,Bridge Group 33,,,,,,,,,,,,,,,,,,,,0.0,0.0,0.0
845.0,,0.0,429.0,Bridge Group 34,,,,,,,,,,,,,,,,,,,,0.0,0.0,0.0
846.0,,0.0,430.0,Bridge Group 35,,,,,,,,,,,,,,,,,,,,0.0,0.0,0.0
847.0,,0.0,431.0,Bridge Group 36,,,,,,,,,,,,,,,,,,,,0.0,0.0,0.0
848.0,,0.0,432.0,Bridge Group 37,,,,,,,,,,,,,,,,,,,,0.0,0.0,0.0
849.0,,3.4057,433.0,Bridge Group 38,,0.681,,,,,,,,,,,2.725,,,,,,,0.0,0.0,0.0
850.0,,0.0,434.0,Bridge Group 39,,,,,,,,,,,,,,,,,,,,0.0,0.0,0.0
851.0,,0.0,435.0,Bridge Group 40,,,,,,,,,,,,,,,,,,,,0.0,0.0,0.0
852.0,,0.0,436.0,Bridge Group 41,,,,,,,,,,,,,,,,,,,,0.0,0.0,0.0
853.0,,0.0,437.0,Bridge Group 42,,,,,,,,,,,,,,,,,,,,0.0,0.0,0.0
854.0,,0.0,438.0,Bridge Group 43,,,,,,,,,,,,,,,,,,,,0.0,0.0,0.0
855.0,,0.0,439.0,Bridge Group 44,,,,,,,,,,,,,,,,,,,,0.0,0.0,0.0
856.0,,0.0,440.0,Bridge Group 45,,,,,,,,,,,,,,,,,,,,0.0,0.0,0.0
857.0,,0.0,441.0,Bridge Group 46,,,,,,,,,,,,,,,,,,,,0.0,0.0,0.0
858.0,,0.0,442.0,Bridge Group 47,,,,,,,,,,,,,,,,,,,,0.0,0.0,0.0
859.0,,0.0,443.0,Bridge Group 48,,,,,,,,,,,,,,,,,,,,0.0,0.0,0.0
860.0,,0.0,444.0,Bridge Group 49,,,,,,,,,,,,,,,,,,,,0.0,0.0,0.0
861.0,,0.0,445.0,Bridge Group 50,,,,,,,,,,,,,,,,,,,,0.0,0.0,0.0
862.0,,14.6703,446.0,Bridge Group 51,,2.934,,,,,,,,,,,11.736,,,,,,,0.0,0.0,0.0
863.0,,0.0,447.0,Bridge Group 52,,,,,,,,,,,,,,,,,,,,0.0,0.0,0.0
864.0,,0.0,448.0,Bridge Group 53,,,,,,,,,,,,,,,,,,,,0.0,0.0,0.0
865.0,,6.0,449.0,Bridge Group 54,,1.2,,,,,,,,,,,2.4,,,2.4,,,,0.0,0.0,0.0
866.0,,0.0,450.0,Bridge Group 55 ,,,,,,,,,,,,,,,,,,,,0.0,0.0,0.0
867.0,,0.0,451.0,Bridge Group 56A,,,,,,,,,,,,,,,,,,,,0.0,0.0,0.0
868.0,,1.7,452.0,Bridge Group 57,,0.34,,,,,,,,,,,,,,1.36,,,,0.0,0.0,0.0
869.0,,3.6,453.0,Bridge Group 58,,,0.72,,,,,,,,,,,,,2.88,,,,0.0,0.0,0.0
870.0,,10.4,454.0,Bridge Group 59,,,2.08,,,2.2,,,,,,,6.12,,,,,,,0.0,0.0,0.0
871.0,,1.0,455.0,Bridge Group 62,,0.2,,,,,,,,,,,,,,0.8,,,,0.0,0.0,0.0
872.0,,0.0,456.0,Bridge Group 65,,,,,,,,,,,,,,,,,,,,0.0,0.0,0.0
873.0,,0.0,457.0,Bridge Group 66,,,,,,,,,,,,,,,,,,,,0.0,0.0,0.0
874.0,,0.0,458.0,Bridge Group 67,,,,,,,,,,,,,,,,,,,,0.0,0.0,0.0
875.0,,0.0,459.0,Bridge Group 68,,,,,,,,,,,,,,,,,,,,0.0,0.0,0.0
876.0,,0.0,460.0,Bridge Group 69,,,,,,,,,,,,,,,,,,,,0.0,0.0,0.0
877.0,,0.0,461.0,Bridge Group 70,,,,,,,,,,,,,,,,,,,,0.0,0.0,0.0
878.0,,0.0,462.0,Bridge Group 71,,,,,,,,,,,,,,,,,,,,0.0,0.0,0.0
879.0,,10.4,463.0,Bridge Group 75,,1.04,,,,,,,,,,,9.36,,,,,,,0.0,0.0,0.0
880.0,,2.6376,464.0,Bridge Group 77,,0.527,,,,,,,,,,,2.11,,,,,,,0.0,0.0,0.0
881.0,,0.0,465.0,Bridge Group 78,,,,,,,,,,,,,,,,,,,,0.0,0.0,0.0
882.0,,,466.0,Bridge Group 81,,,,,,,,,,,,,,,,,,,,0.0,0.0,0.0
883.0,,1.5,467.0,Bridge Group 02T (D),,,,,,,,,1.5,,,,,,,,,,,0.0,0.0,0.0
884.0,,3.0,468.0,Bridge Group 03T (F),,,,,,,,,3.0,,,,,,,,,,,0.0,0.0,0.0
885.0,,1.4,469.0,Bridge Group 05TB (B2),,0.28,,,,,,,,,,,,,,1.12,,,,0.0,0.0,0.0
886.0,,7.0,470.0,Bridge Group 05TC (C),,,,,,,,,7.0,,,,,,,,,,,0.0,0.0,0.0
887.0,,2.0,471.0,Bridge Group 07T (A),,,,,,,,,2.0,,,,,,,,,,,0.0,0.0,0.0
888.0,,3.0,472.0,Bridge Group 09TG (G),,,,,,,,,3.0,,,,,,,,,,,0.0,0.0,0.0
889.0,,8.0,473.0,Bridge Group 09TH (H),,,,,,,,,8.0,,,,,,,,,,,0.0,0.0,0.0
890.0,,1.6,474.0,Bridge Group 16T (M),,,,,,,,,1.6,,,,,,,,,,,0.0,0.0,0.0
891.0,,1.2,475.0,Bridge Group 34TG (G),,,,,,,,,1.2,,,,,,,,,,,0.0,0.0,0.0
892.0,,0.7,476.0,Bridge Group 35TH (H),,,,,,,,,0.7,,,,,,,,,,,0.0,0.0,0.0
893.0,,2.5,477.0,Bridge Group 37T (I),,,,,,,,,2.5,,,,,,,,,,,0.0,0.0,0.0
894.0,,3.4,478.0,Bridge Group 38T (L),0.055,0.047,,,,,,,1.698,,,,,,,1.6,,,,0.0,0.0,0.0
895.0,,0.0,479.0,Bridge Group 52B,,,,,,,,,,,,,,,,,,,,0.0,0.0,0.0
896.0,,0.0,480.0,Bridge Group 53B,,,,,,,,,,,,,,,,,,,,0.0,0.0,0.0
898.0,,0.1,481.0,Bridge Group 57C,,0.02,,,,,,,,,,,,,,0.08,,,,0.0,0.0,0.0
899.0,,1.0,482.0,Bridge Group 57D,,0.2,,,,,,,,,,,,,,0.8,,,,0.0,0.0,0.0
900.0,,1.0,483.0,Bridge Group 57F,,0.2,,,,,,,,,,,,,,0.8,,,,0.0,0.0,0.0
901.0,,2.5,484.0,Bridge Group 57M,,0.5,,,,,,,,,,,,,,2.0,,,,0.0,0.0,0.0
902.0,,4.0,485.0,Bridge Group 57T (J),,,,,,,,,4.0,,,,,,,,,,,0.0,0.0,0.0
903.0,,1.0,486.0,Bridge Group 59B,,,0.2,,,,,,,,,,0.8,,,,,,,0.0,0.0,0.0
904.0,,2.0,487.0,Bridge Group 59C,,,0.4,,,,,,,,,,1.6,,,,,,,0.0,0.0,0.0
905.0,,1.0,488.0,Bridge Group 62T (K),,,1.0,,,,,,,,,,,,,,,,,0.0,0.0,0.0
906.0,,0.0,489.0,Bridge Group 67A,,,,,,,,,,,,,,,,,,,,0.0,0.0,0.0
907.0,,0.0,490.0,Bridge Group 67B,,,,,,,,,,,,,,,,,,,,0.0,0.0,0.0
908.0,,3.0,491.0,Bridge Group 67T,,,3.0,,,,,,,,,,,,,,,,,0.0,0.0,0.0
909.0,,0.0,492.0,Bridge Group 69T,,,,,,,,,,,,,,,,,,,,0.0,0.0,0.0
910.0,,,493.0,Bridge Group 70A,,,,,,,,,,,,,,,,,,,,0.0,0.0,0.0
911.0,,,494.0,Bridge Group 70C,,,,,,,,,,,,,,,,,,,,0.0,0.0,0.0
912.0,,16.6,495.0,Bridge Group 75T (I),,4.829,9.871,,,,,,,,,,,,,,1.9,,,0.0,0.0,0.0
913.0,,,496.0,Bridge Group 60,,,,,,,,,,,,,,,,,,,,0.0,0.0,0.0
914.0,,0.0,497.0,Bridge Group 52A,,,,,,,,,,,,,,,,,,,,0.0,0.0,0.0
915.0,,0.0,498.0,Bridge Group 56B,,,,,,,,,,,,,,,,,,,,0.0,0.0,0.0
916.0,,0.0,499.0,Bridge Group 56C,,,,,,,,,,,,,,,,,,,,0.0,0.0,0.0
917.0,,0.0,500.0,Bridge Group 56D,,,,,,,,,,,,,,,,,,,,0.0,0.0,0.0
918.0,,0.0,501.0,Bridge Group 57L,,,,,,,,,,,,,,,,,,,,0.0,0.0,0.0
919.0,,0.0,502.0,Bridge Group 70B,,,,,,,,,,,,,,,,,,,,0.0,0.0,0.0
920.0,,3.0,503.0,Bridge Group 69T (H),,,3.0,,,,,,,,,,,,,,,,,0.0,0.0,0.0
921.0,,0.0,504.0,Bridge Group 27,,,,,,,,,,,,,,,,,,,,0.0,0.0,0.0
922.0,,0.0,505.0,Bridge Group 28,,,,,,,,,,,,,,,,,,,,0.0,0.0,0.0
923.0,,,506.0,Bridge Group 86,,,,,,,,,,,,,,,,,,,,0.0,0.0,0.0
924.0,,0.0,507.0,Bridge Group 69A,,,,,,,,,,,,,,,,,,,,0.0,0.0,0.0
925.0,,,508.0,Bridge Group 7T,,,,,,,,,,,,,,,,,,,,0.0,0.0,0.0
841.0,,7.6583,509.0,Bridge Group 30,,0.7659,,,,,,,,,,,6.892,,,,,,,0.0,0.0,0.0
842.0,,0.0,510.0,Bridge Group 31,,,,,,,,,,,,,,,,,,,,0.0,0.0,0.0
843.0,,0.0,511.0,Bridge Group 32,,,,,,,,,,,,,,,,,,,,0.0,0.0,0.0
2000.0,,,512.0,n/a,,,,,,,,,,,,,,,,,,,,0.0,0.0,0.0
