TIPID,Municipalities,ID,FY21allocation,FY22allocation,FY23allocation,FY24allocation,FY25allocation
5005.0,Barrington,309,0.0,0.17,0.0,0.62,9.61
5012.0,"Central Falls, Cumberland",631,,,,,
5013.0,"Central Falls, Cumberland, Pawtucket",632,,,,,
5016.0,Charlestown,633,,,,,
5017.0,Coventry,634,,,,,
5045.0,E. Providence,338,0.0,0.0,0.0,0.0,2.5
5047.0,E. Providence,639,,,,,
5060.0,Jamestown,347,0.0,0.8,0.0,0.0,0.0
5061.0,Jamestown,348,0.0,0.0,0.0,0.0,0.0
5062.0,Jamestown,641,,,,,
5065.0,Johnston,644,,,,,
5066.0,"Johnston, N. Providence",645,,,,,
5078.0,"Middletown, Newport, Portsmouth",354,0.0,0.0,0.0,0.0,0.0
5079.0,"Middletown, Portsmouth",648,,,,,
5080.0,"Middletown, Portsmouth",649,,,,,
5081.0,"Middletown, Portsmouth",650,,,,,
5089.0,Narragansett,358,2.25,1.89,0.92,0.0,0.0
5110.0,Newport,655,,,,,
5124.0,N. Kingstown,659,,,,,
5132.0,Pawtucket,661,,,,,
5153.0,Pawtucket,663,,,,,
5157.0,Pawtucket,408,0.0,0.0,0.0,0.5,0.0
5161.0,Portsmouth,411,0.0,0.0,0.0,2.16,0.0
5162.0,Portsmouth,412,0.0,0.0,0.16,0.0,0.0
5163.0,Portsmouth,664,,,,,
5178.0,Providence,423,1.88,0.0,0.0,0.0,0.0
5189.0,Providence,666,,,,,
5198.0,Providence,668,,,,,
5199.0,Providence,437,0.0,0.0,0.5,0.55,0.75
5206.0,Providence,670,,,,,
5212.0,Providence,444,0.0,0.0,0.0,0.0,0.0
5215.0,"Providence, Cranston",446,0.0,0.86,0.0,0.85,0.0
5239.0,"Smithfield, Burrillville, N. Smithfield",677,,,,,
5245.0,S. Kingstown,679,,,,,
5247.0,S. Kingstown,680,,,,,
5263.0,Tiverton,684,,,,,
5271.0,Warren,485,0.0,2.0,0.0,0.0,0.0
5280.0,Warwick,686,,,,,
5291.0,Westerly,501,0.0,0.0,0.0,0.0,0.0
5293.0,Woonsocket,502,0.0,0.0,0.0,0.0,0.0
5318.0,Woonsocket; N. Smithfield,522,0.0,0.0,0.0,0.0,0.0
5319.0,Woonsocket; N. Smithfield,523,0.0,0.0,2.64,0.0,0.0
5320.0,Woonsocket; N. Smithfield,524,0.0,0.0,0.0,0.0,0.0
9001.0,Coventry,596,0.0,0.0,0.0,0.0,0.0
9002.0,Coventry,597,0.0,0.0,2.75,2.75,0.0
9003.0,Newport,598,1.44,2.16,2.16,1.44,0.0
9004.0,Newport,691,,,,,
9005.0,"Portsmouth, Middletown",599,1.3,1.7,0.0,0.0,0.0
9006.0,"Portsmouth, Middletown",692,,,,,
5007.0,Bristol,310,0.0,0.0,0.0,0.0,0.82
5014.0,Charlestown,315,0.0,0.0,0.0,0.0,0.0
5028.0,Cranston,325,0.0,0.0,0.0,0.0,0.0
5093.0,Narragansett,653,,,,,
5094.0,Narragansett,654,,,,,
5095.0,New Shoreham,362,0.0,0.0,0.0,0.0,0.0
5114.0,N. Kingstown,378,0.0,0.0,0.0,0.0,0.0
5155.0,Pawtucket,406,0.0,0.0,0.0,0.0,0.0
5156.0,Pawtucket,407,0.0,0.0,0.0,0.0,0.0
5171.0,Portsmouth,419,0.0,0.08,0.0,0.0,0.0
5217.0,Providence,447,0.0,0.0,0.0,0.0,0.0
5250.0,S. Kingstown,681,,,,,
5251.0,S. Kingstown,682,,,,,
5252.0,S. Kingstown,683,,,,,
5260.0,Tiverton,475,0.0,0.0,0.0,0.0,0.0
5275.0,Warwick,685,,,,,
5286.0,Westerly,496,0.0,1.4,0.0,0.0,0.0
5292.0,Westerly,688,,,,,
5307.0,Woonsocket,513,0.0,0.0,0.39,0.0,0.0
1460.0,Providence,193,1.0,1.0,1.13,0.0,0.0
5003.0,Barrington,629,,,,,
5006.0,Barrington,630,,,,,
5058.0,Hopkinton,346,0.0,0.0,0.0,0.0,0.0
5063.0,Jamestown,642,,,,,
5072.0,Middletown,353,0.28,0.36,0.0,0.0,0.0
5096.0,New Shoreham,363,0.0,0.0,0.0,0.0,0.0
5097.0,New Shoreham,364,0.0,0.0,0.0,0.0,0.0
5098.0,New Shoreham,365,0.0,0.0,0.0,0.0,0.0
5105.0,Newport,372,1.7,1.7,1.99,1.15,1.96
5106.0,Newport,373,0.0,0.0,0.0,0.0,0.0
5107.0,Newport,374,0.0,0.0,0.0,0.0,0.0
5108.0,Newport,375,1.9,0.0,0.0,0.0,0.0
5112.0,Newport,377,0.0,0.0,0.0,0.0,0.0
5120.0,N. Kingstown,380,0.0,0.0,0.0,0.0,0.0
5125.0,N. Kingstown,383,0.0,0.0,0.0,0.0,0.0
5127.0,N. Kingstown,660,,,,,
5164.0,Portsmouth,413,2.0,0.0,0.0,0.0,0.0
5166.0,Portsmouth,415,0.0,0.0,0.0,0.0,0.0
5182.0,Providence,427,0.0,0.0,0.48,0.0,0.0
5183.0,Providence,428,0.0,0.0,0.0,0.0,0.0
5188.0,Providence,665,,,,,
5192.0,Providence,667,,,,,
5193.0,Providence,433,0.0,0.0,0.0,0.0,0.0
5194.0,Providence,434,0.0,0.0,0.0,0.0,0.0
5200.0,Providence,438,0.0,0.0,0.0,0.0,0.05
5202.0,Providence,440,0.0,1.0,1.0,1.0,1.05
5207.0,Providence,671,,,,,
5210.0,Providence,673,,,,,
5211.0,Providence,674,,,,,
5223.0,Scituate,675,,,,,
5229.0,Smithfield,456,0.0,0.0,0.0,0.0,0.0
5231.0,Smithfield,458,0.0,0.0,0.0,0.0,0.0
5232.0,Smithfield,459,0.0,0.0,0.0,0.0,0.0
5235.0,Smithfield,676,,,,,
5236.0,Smithfield,462,0.0,0.0,0.0,0.0,0.0
5243.0,S. Kingstown,678,,,,,
5268.0,Warren,482,0.0,0.0,0.0,0.0,0.0
5269.0,Warren,483,0.0,0.0,0.0,0.0,0.0
5270.0,Warren,484,0.0,0.0,0.0,0.0,0.0
5309.0,Woonsocket,514,0.0,0.0,0.0,0.0,0.0
9007.0,"Central Falls, Cumberland, Pawtucket",600,1.5,0.0,0.0,0.0,0.0
5020.0,Coventry,635,,,,,
5068.0,Lincoln,646,,,,,
5253.0,Statewide,469,0.585,0.578,0.66,0.578,0.578
5295.0,"Woonsocket, N. Smithfield, Lincoln, Central Falls, Cumberland, Pawtucket, Providence",689,,,,,
5001.0,Barrington,306,0.021,0.0,0.0,0.0,0.0
5002.0,Barrington,307,0.024,0.0,0.0,0.0,0.0
5021.0,Cranston,319,0.0245,0.0,0.0,0.0,0.0
5039.0,E. Providence,334,0.016,0.0,0.0,0.0,0.0
5040.0,E. Providence,335,0.0085,0.0,0.0,0.0,0.0
5059.0,Jamestown,640,,,,,
5088.0,Narragansett,357,0.04,0.0,0.0,0.0,0.0
5109.0,Newport,376,0.23,0.0,0.0,0.0,0.0
5150.0,Pawtucket,662,,,,,
5203.0,Providence,669,,,,,
5224.0,Smithfield,453,0.0135,0.0,0.0,0.0,0.0
5267.0,Warren,481,0.085,0.0,0.0,0.0,0.0
5285.0,Westerly,495,0.0435,0.0,0.0,0.0,0.0
5294.0,Woonsocket,503,0.0195,0.0,0.0,0.0,0.0
5011.0,"Pawtucket, Central Falls",314,0.0,0.0,0.0,0.0,0.0
5064.0,Jamestown,643,,,,,
5073.0,"Middletown, Newport, Portsmouth",647,,,,,
5111.0,Newport,656,,,,,
5113.0,"Newport, Middletown, Portsmouth, Providence",657,,,,,
5195.0,Providence,435,0.0,0.0,0.0,0.0,0.0
5204.0,Providence,441,0.0,0.0,0.0,0.0,0.0
5208.0,Providence,672,,,,,
5249.0,S. Kingstown,468,0.0,0.0,0.0,0.0,0.0
5254.0,Statewide,470,0.0,0.0,0.0,0.0,0.0
5255.0,Statewide,471,0.0,0.0,0.0,0.0,0.0
5256.0,Statewide,472,3.2,1.5,1.5,1.5,1.5
5308.0,Woonsocket,690,,,,,
9008.0,Statewide,693,,,,,
9009.0,Statewide,694,,,,,
7109.0,Statewide,537,1.0,1.0,1.0,1.0,1.0
1296.0,Barrington,60,0.0,0.0,0.0,0.0,0.0
1297.0,Barrington,61,0.0,0.0,0.2,2.0,0.0
5004.0,Barrington,308,0.0,0.0,0.0,0.0,0.0
1290.0,"Barrington, E. Providence",54,1.4,0.0,0.0,0.0,0.0
1298.0,"Barrington, E. Providence",62,0.0,0.0,0.4,3.8,0.0
1300.0,Bristol,64,0.0,0.0,0.0,0.0,0.0
1301.0,Bristol,65,0.0,0.0,0.5,2.3,3.3
1299.0,Bristol,63,0.25,1.3,0.0,0.0,0.0
1302.0,Burrillville,66,0.0,0.0,0.0,0.0,0.0
1304.0,Burrillville,67,0.0,0.0,0.0,0.1,1.4
5009.0,Burrillville,312,0.0,0.0,0.0,0.0,0.0
5008.0,Burrillville,311,0.0,0.0,0.0,0.0,0.0
1305.0,Central Falls,68,0.0,0.0,0.0,0.0,0.0
1306.0,"Central Falls, Pawtucket",69,0.0,0.3,2.7,0.0,0.0
1307.0,"Central Falls, Pawtucket, Cumberland",70,0.0,0.2,1.7,0.0,0.0
1317.0,"Central Falls, Pawtucket, Cumberland",78,0.0,0.0,2.1,0.0,0.0
1308.0,Charlestown,71,1.9,0.0,0.0,0.0,0.0
1311.0,Coventry,73,0.0,0.0,0.0,0.1,0.35
1309.0,Coventry,72,0.5,0.0,0.0,0.0,0.0
5018.0,Coventry,317,0.0,0.0,0.0,0.0,0.0
5019.0,Coventry,318,0.0,0.0,0.0,0.0,0.0
1313.0,"Coventry, W. Warwick",74,0.0,0.0,0.0,0.3,2.9
1314.0,Cranston,75,0.0,0.0,0.0,0.0,0.0
1315.0,Cranston,76,0.0,0.0,0.0,0.3,3.5
5026.0,Cranston,323,0.0,0.0,0.0,0.0,0.0
5027.0,Cranston,324,0.0,0.0,0.0,0.0,0.0
1318.0,Cumberland,79,0.0,0.35,3.75,0.0,0.0
1319.0,Cumberland,80,0.0,0.1,0.4,0.0,0.0
1321.0,Cumberland,81,0.0,0.0,0.2,1.7,0.0
1322.0,Cumberland,82,0.0,0.0,0.2,1.9,0.0
5031.0,Cumberland,328,0.0,0.0,0.0,0.0,0.0
1284.0,E. Greenwich,49,0.0,0.0,0.0,0.0,0.0
5038.0,E. Greewich,333,0.0,0.0,0.0,0.0,0.0
1323.0,E. Providence,83,0.0,0.0,0.0,0.0,0.0
1325.0,E. Providence,85,0.0,0.0,0.0,0.0,0.0
1326.0,E. Providence,86,0.0,0.0,0.4,2.4,2.0
1272.0,E. Providence,39,0.0,0.2,1.9,0.0,0.0
1273.0,E. Providence,40,0.0,0.0,0.0,0.0,0.0
1295.0,E. Providence,59,0.2,2.5,0.0,0.0,0.0
1324.0,E. Providence,84,0.0,0.0,0.1,1.6,0.0
5050.0,E. Providence,342,0.0,0.0,0.0,0.0,0.0
5048.0,E. Providence,340,0.0,0.0,0.0,0.0,0.0
5041.0,E. Providence,336,0.0,0.0,0.0,0.0,0.0
5046.0,E. Providence,339,0.0,0.0,0.0,0.0,0.0
5049.0,E. Providence,341,0.0,0.0,0.0,0.0,0.0
1327.0,"Foster, Glocester",87,0.0,0.0,0.0,0.0,0.0
1579.0,"Foster, Scituate",305,0.0,0.0,0.6,6.4,0.0
1328.0,Glocester,88,0.0,0.0,0.0,0.0,0.0
1329.0,Glocester,89,0.0,0.0,0.0,0.0,0.0
1330.0,Glocester,90,0.0,0.0,0.0,0.0,0.0
1333.0,Hopkinton,93,0.0,0.0,0.0,0.05,0.65
1331.0,Hopkinton,91,0.0,0.2,1.7,0.0,0.0
1334.0,Hopkinton,94,1.3,0.0,0.0,0.0,0.0
1332.0,Hopkinton,92,0.0,0.0,0.0,0.05,0.55
1316.0,Hopkinton,77,0.0,0.0,0.0,0.0,0.0
9501.0,Hopkinton,619,0.0,0.0,0.0,0.0,0.0
5057.0,Hopkinton,345,0.0,0.0,0.0,0.0,0.0
1335.0,"Hopkinton, Richmond",95,0.0,0.0,0.0,0.0,0.0
1336.0,Jamestown,96,0.0,0.1,1.3,0.0,0.0
1340.0,Johnston,100,0.0,0.0,0.2,2.0,0.0
1337.0,Johnston,97,0.0,0.15,1.3,0.0,0.0
1339.0,Johnston,99,5.7,0.0,0.0,0.0,0.0
1338.0,Johnston,98,0.0,0.0,0.0,0.0,0.0
1341.0,"Johnston, Smithfield",101,0.0,0.0,0.0,0.2,1.9
1275.0,"Johnston, Smithfield, Lincoln",42,0.0,0.0,0.0,0.5,15.5
1342.0,Lincoln,102,0.0,0.1,0.6,0.0,0.0
1343.0,Lincoln,103,0.0,0.0,0.0,0.0,0.0
1346.0,Lincoln,104,0.0,0.1,1.0,0.0,0.0
1347.0,Lincoln,105,0.4,2.6,0.0,0.0,0.0
1348.0,Lincoln,106,0.2,1.3,0.0,0.0,0.0
1349.0,Lincoln,107,0.0,0.0,0.0,0.05,0.35
1350.0,Lincoln,108,0.0,0.0,0.0,0.2,1.9
1276.0,"Lincoln, Cumberland",43,0.0,0.0,0.0,0.9,9.1
1292.0,"Lincoln, N. Smithfield",56,0.0,4.5,0.4,0.0,0.0
1353.0,Little Compton,111,0.0,0.0,0.0,0.0,0.0
1354.0,Little Compton,112,0.0,0.0,0.1,1.2,0.0
1351.0,Little Compton,109,0.0,0.0,0.2,1.6,0.0
1352.0,Little Compton,110,2.5,0.0,0.0,0.0,0.0
1355.0,Middletown,113,0.0,0.0,0.1,0.0,0.7
1357.0,Middletown,114,0.0,0.0,0.0,0.1,1.5
1359.0,Middletown,116,0.0,0.0,0.0,0.1,1.6
1358.0,Middletown,115,0.0,0.0,0.0,0.0,0.0
5070.0,Middletown,351,0.0,0.0,0.0,0.0,0.0
1360.0,"Middletown, Portsmouth",117,0.0,0.0,0.0,0.0,0.0
1366.0,N. Kingstown,122,0.0,0.0,0.0,0.0,0.0
1367.0,N. Kingstown,123,0.0,0.0,0.0,0.1,0.9
1368.0,N. Kingstown,124,0.0,0.0,0.0,0.0,0.0
1365.0,N. Kingstown,121,0.0,0.0,0.4,4.2,0.0
5126.0,N. Kingstown,384,0.0,0.0,0.0,0.0,0.0
5326.0,N. Kingstown,527,0.0,0.0,0.0,0.0,0.0
5121.0,N. Kingstown,381,0.0,0.0,0.0,0.0,0.0
1283.0,"N. Kingstown, E. Greenwich",48,0.0,0.0,0.0,0.7,7.3
5129.0,N. Providence,386,0.0,0.0,0.0,0.0,0.0
5130.0,N. Providence,387,0.0,0.0,0.0,0.0,0.0
9502.0,N. Smithfield,620,0.0,0.0,0.0,0.0,0.0
1293.0,N. Smithfield,57,0.0,0.8,8.0,0.0,0.0
1369.0,N. Smithfield,125,0.0,0.0,0.0,0.2,1.4
1370.0,N. Smithfield,126,0.0,0.0,0.0,0.2,1.9
1371.0,"N. Smithfield, Lincoln",127,0.0,0.1,1.3,0.0,0.0
1372.0,"N. Smithfield, Woonsocket",128,0.0,0.0,0.1,1.25,0.0
1361.0,Narragansett,118,0.0,0.0,0.0,0.0,0.0
1362.0,Narragansett,119,0.0,0.4,3.0,1.0,0.0
5090.0,Narragansett,359,0.0,0.0,0.0,0.0,0.0
5091.0,Narragansett,360,0.0,0.0,0.0,0.0,0.0
5101.0,New Shoreham,368,0.0,0.0,0.0,0.0,0.0
5100.0,New Shoreham,367,0.0,0.0,0.0,0.0,0.0
5104.0,New Shoreham,371,0.0,0.0,0.0,0.0,0.0
5099.0,New Shoreham,366,0.0,0.0,0.0,0.0,0.0
5103.0,New Shoreham,370,0.0,0.0,0.0,0.0,0.0
5102.0,New Shoreham,369,0.0,0.0,0.0,0.0,0.0
9201.0,Newport,604,9.4,9.3,12.1,7.3,0.0
1364.0,"Newport, Middletown",120,0.0,0.0,0.0,0.0,0.0
1373.0,Pawtucket,129,0.0,0.0,0.0,0.0,0.0
1271.0,Pawtucket,38,0.0,0.0,0.0,0.0,0.0
1375.0,"Pawtucket, E. Providence",130,0.0,0.2,2.6,0.0,0.0
9503.0,Portsmouth,621,0.0,0.0,0.0,0.0,0.0
1377.0,Portsmouth,132,0.0,0.1,0.9,0.0,0.0
1379.0,Portsmouth,134,4.6,9.5,0.6,0.0,0.0
1380.0,Portsmouth,135,0.3,3.6,0.0,0.0,0.0
1286.0,Portsmouth,51,0.0,0.0,0.0,0.0,0.0
1376.0,Portsmouth,131,0.0,0.24,1.3,1.2,0.0
1378.0,Portsmouth,133,0.0,0.0,0.0,0.0,0.0
1269.0,Providence,36,0.0,0.0,0.0,0.0,0.0
1281.0,Providence,47,0.0,0.0,0.2,2.2,0.0
1381.0,Providence,136,0.0,0.0,0.0,0.0,0.0
1384.0,Providence,137,0.0,0.0,0.0,0.0,0.0
1425.0,Providence,175,0.0,0.0,0.0,0.0,0.0
5179.0,Providence,424,0.0,0.0,0.0,0.0,0.0
5191.0,Providence,432,0.0,0.0,0.0,0.0,0.0
5209.0,Providence,443,0.0,0.0,0.0,0.0,0.0
1285.0,"Providence, Cranston",50,0.0,0.0,0.6,3.2,3.2
1280.0,"Providence, Johnston",46,0.0,0.0,0.0,0.9,9.6
1291.0,"Providence, N. Providence, Lincoln",55,0.0,0.0,0.0,0.0,0.0
1386.0,"Providence, Pawtucket",138,0.0,0.2,2.5,0.0,0.0
1270.0,"Providence, Pawtucket",37,0.1,4.2,4.2,0.0,0.0
1387.0,Richmond,139,0.0,0.0,0.0,0.1,1.1
5218.0,Richmond,448,0.0,0.0,0.0,0.0,0.0
5220.0,Richmond,450,0.0,0.0,0.0,0.0,0.0
1277.0,S. Kingstown,44,0.0,0.0,0.0,0.0,0.0
1395.0,S. Kingstown,147,0.0,0.0,0.0,0.0,0.0
1397.0,S. Kingstown,148,0.3,6.3,0.0,0.0,0.0
1398.0,S. Kingstown,149,0.0,0.0,0.0,0.0,0.0
1399.0,S. Kingstown,150,4.3,0.0,0.0,0.0,0.0
1400.0,S. Kingstown,151,0.0,0.0,0.1,1.3,0.0
5246.0,S. Kingstown,466,0.0,0.0,0.0,0.0,0.0
5323.0,S. Kingstown,525,0.0,0.0,0.0,0.0,0.0
5324.0,S. Kingstown,526,0.0,0.0,0.0,0.0,0.0
1279.0,"S. Kingstown, N. Kingstown",45,3.3,5.9,0.0,0.0,0.0
1576.0,"S. Kingstown, N. Kingstown, Exeter",303,0.0,0.0,0.0,0.7,6.9
1401.0,"S. Kingstown, Narragansett",152,0.0,0.0,0.0,0.0,0.0
1391.0,Scituate,143,0.0,0.0,0.0,0.0,0.0
1392.0,Scituate,144,0.0,0.0,0.4,4.4,0.0
1388.0,Scituate,140,0.0,0.0,0.0,0.0,0.0
1389.0,Scituate,141,0.0,0.0,0.0,0.0,0.0
1390.0,Scituate,142,0.0,0.0,0.0,0.0,0.0
1393.0,"Scituate, Johnston",145,0.0,0.0,0.0,0.0,0.0
5230.0,Smithfield,457,0.0,0.0,0.0,0.0,0.0
5233.0,Smithfield,460,0.0,0.0,0.0,0.0,0.0
5234.0,Smithfield,461,0.0,0.0,0.0,0.0,0.0
5227.0,Smithfield,455,0.0,0.0,0.0,0.0,0.0
5238.0,Smithfield,464,0.0,0.0,0.0,0.0,0.0
1394.0,"Smithfield, N. Providence",146,0.0,0.0,0.0,0.4,4.3
1578.0,"Smithfield, N. Smithfield, Burrillville, N. Providence",304,0.0,0.0,0.0,0.85,4.4
1402.0,Tiverton,153,0.0,0.3,2.5,0.0,0.0
1404.0,Tiverton,155,1.6,0.0,0.0,0.0,0.0
1405.0,Tiverton,156,0.0,0.0,0.3,3.3,0.0
1287.0,Tiverton,52,0.0,0.0,0.0,0.5,5.0
1403.0,Tiverton,154,4.1,0.0,0.0,0.0,0.0
5261.0,Tiverton,476,0.0,0.0,0.0,0.0,0.0
5257.0,Tiverton,473,0.0,0.0,0.0,0.0,0.0
5259.0,Tiverton,474,0.0,0.0,0.0,0.0,0.0
1417.0,W. Warwick,168,0.0,1.3,0.15,0.5,0.0
1408.0,Warren,159,0.0,0.0,0.1,0.6,0.0
1409.0,Warren,160,0.0,0.0,0.6,3.4,3.2
1406.0,Warren,157,0.0,0.0,0.0,0.1,1.1
1407.0,Warren,158,0.0,0.0,0.0,0.15,1.25
1294.0,Warwick,58,0.0,0.0,0.0,0.1,2.2
9504.0,Warwick,622,0.0,0.0,0.0,0.0,0.0
1410.0,Warwick,161,0.0,0.0,0.4,4.0,0.0
1411.0,Warwick,162,0.4,3.6,0.0,0.0,0.0
1412.0,Warwick,163,0.0,0.0,0.0,0.2,2.5
1413.0,Warwick,164,0.0,0.0,0.0,0.5,4.2
1414.0,Warwick,165,3.2,0.0,0.0,0.0,0.0
1267.0,Warwick,34,0.0,0.0,0.0,0.0,0.0
1268.0,Warwick,35,0.0,0.0,0.0,0.0,0.0
5274.0,Warwick,488,0.0,0.0,0.0,0.0,0.0
5273.0,Warwick,487,0.3,4.6,0.0,0.0,0.0
1274.0,"Warwick, Cranston, Johnston",41,0.0,0.0,0.5,6.8,11.2
1416.0,"Warwick, W. Warwick",167,1.3,0.0,0.0,0.0,0.0
1415.0,"Warwick,Cranston",166,0.0,0.0,0.0,0.0,0.0
1421.0,Westerly,172,0.0,0.0,0.0,0.0,0.0
1420.0,Westerly,171,0.0,0.0,0.0,0.2,1.8
1418.0,Westerly,169,0.0,0.0,0.0,0.0,0.0
1289.0,Westerly,53,0.0,0.3,5.4,0.0,0.0
1419.0,Westerly,170,0.0,0.0,0.0,0.0,0.0
5289.0,Westerly,499,0.0,0.0,0.0,0.0,0.0
5287.0,Westerly,497,0.0,0.0,0.0,0.0,0.0
5288.0,Westerly,498,0.0,0.0,0.0,0.0,0.0
1423.0,"Westerly, Charlestown",173,0.0,0.0,0.5,4.4,1.1
5314.0,Woonsocket,519,0.0,0.0,0.0,0.0,0.0
5299.0,Woonsocket,506,0.0,0.0,0.0,0.0,0.0
5301.0,Woonsocket,508,0.0,0.0,0.0,0.0,0.0
5304.0,Woonsocket,511,0.0,0.0,0.0,0.0,0.0
5306.0,Woonsocket,512,0.0,0.0,0.0,0.0,0.0
5300.0,Woonsocket,507,0.0,0.0,0.0,0.0,0.0
5303.0,Woonsocket,510,0.0,0.0,0.0,0.0,0.0
5302.0,Woonsocket,509,0.0,0.0,0.0,0.0,0.0
5316.0,Woonsocket,521,0.0,0.0,0.0,0.0,0.0
5313.0,Woonsocket,518,0.0,0.0,0.0,0.0,0.0
5312.0,Woonsocket,517,0.0,0.0,0.0,0.0,0.0
5315.0,Woonsocket,520,0.0,0.0,0.0,0.0,0.0
5311.0,Woonsocket,516,0.0,0.0,0.0,0.0,0.0
1424.0,"Woonsocket, Cumberland",174,0.0,0.0,0.0,0.0,0.0
5272.0,Warwick,486,0.0,0.0,0.0,0.0,0.0
5083.0,N. Smithfield,355,0.0,0.0,0.0,0.0,0.0
5037.0,E. Greewich,636,,,,,
5042.0,E. Providence,637,,,,,
5043.0,E. Providence,638,,,,,
5082.0,"Middletown, Portsmouth",651,,,,,
5084.0,N. Smithfield,652,,,,,
5118.0,N. Kingstown,658,,,,,
1450.0,N. Smithfield,183,0.0,0.0,0.0,0.0,0.0
1451.0,"Warwick, W. Warwick, Johnston",184,0.0,0.0,0.0,0.0,0.0
1453.0,Woonsocket,186,0.0,0.0,0.0,0.0,0.0
1454.0,N. Providence,187,0.0,0.0,0.0,0.0,0.0
1455.0,N. Smithfield,188,0.0,0.0,0.0,0.0,0.0
1456.0,"Warwick, N. Smithfield",189,0.0,0.0,0.0,0.0,0.0
1458.0,"Bristol, Warren",191,0.0,0.0,0.0,0.0,0.0
1459.0,"Johnston, N. Smithfield",192,0.0,0.0,0.0,0.0,0.0
1462.0,"Cranston, Exeter",195,0.0,0.0,0.0,0.0,0.0
1466.0,Warren,199,0.0,0.0,0.0,0.0,0.0
1467.0,Middletown,200,0.0,0.0,0.0,0.0,0.0
1469.0,"S. Kingstown, Charlestown, Westerly",202,0.0,0.0,0.0,0.0,0.0
1476.0,Smithfield,209,0.0,0.0,0.0,0.0,0.0
1484.0,Tiverton,213,0.0,0.0,0.0,0.0,0.0
1485.0,Lincoln,214,0.0,0.0,0.0,0.0,0.0
1491.0,Scituate,218,0.0,0.0,0.0,0.0,0.0
1498.0,"Providence, Pawtucket",225,0.0,0.0,0.0,0.0,0.0
1506.0,Cranston,233,0.0,0.0,0.0,0.0,0.0
1509.0,Scituate,236,0.0,0.0,0.0,0.0,0.0
1510.0,Providence,237,1.45,0.0,0.0,0.0,0.0
1512.0,Lincoln,239,3.8,0.0,0.0,0.0,0.0
1514.0,Cumberland,241,0.0,0.0,0.0,0.0,0.0
1522.0,"E. Providence, Pawtucket",249,1.8,0.6,0.0,0.0,0.0
1525.0,Smithfield,252,1.2,0.2,0.0,0.0,0.0
1526.0,Burrillville,253,0.1,1.2,0.0,0.0,0.0
1528.0,Lincoln,255,0.2,3.8,0.0,0.0,0.0
1531.0,Cranston,258,0.1,1.8,0.0,0.0,0.0
1532.0,Cranston,259,0.1,1.8,0.0,0.0,0.0
1535.0,Providence,262,0.1,0.6,0.6,0.0,0.0
1536.0,"E. Greenwich, W. Warwick",263,0.1,0.1,0.1,1.1,0.0
1537.0,"Cranston, Warwick",264,0.1,0.1,1.3,1.3,0.0
1540.0,"Providence, N. Providence",267,0.2,0.2,0.0,1.9,0.0
1541.0,"E. Providence, Bristol",268,0.5,0.5,1.4,5.4,0.0
1542.0,"Cumberland, Johnston",269,0.3,0.3,1.3,1.3,0.0
1544.0,Warwick,271,0.33,0.6,4.4,5.0,0.0
5010.0,Burrillville,313,0.0,0.0,0.0,0.0,0.0
5022.0,Cranston,320,0.0,0.0,0.0,0.0,0.0
5030.0,Cranston,327,0.0,0.0,0.0,0.0,0.0
5034.0,Cumberland,330,0.0,0.0,0.0,0.0,0.0
5035.0,Cumberland,331,0.0,0.0,0.0,0.0,0.0
5036.0,Cumberland,332,0.0,0.3,0.2,0.0,0.0
5044.0,E. Providence,337,0.0,0.0,0.0,0.0,0.0
5052.0,Foster,343,0.0,0.0,0.0,0.0,0.0
5056.0,Foster,344,0.0,0.0,0.0,0.0,0.0
5067.0,Lincoln,349,0.0,0.0,0.0,0.0,0.0
5069.0,Lincoln,350,0.3,0.2,0.0,0.0,0.0
5071.0,Middletown,352,0.0,0.0,0.0,0.0,0.0
5085.0,N. Smithfield,356,0.0,0.0,0.0,0.0,0.0
5092.0,Narragansett,361,0.0,0.0,0.0,0.0,0.0
5115.0,N. Kingstown,379,0.0,0.0,0.0,0.0,0.0
1439.0,N. Kingstown,179,0.0,0.0,0.0,0.0,0.0
5122.0,N. Kingstown,382,0.0,0.0,0.0,0.0,0.0
5133.0,Pawtucket,388,0.0,0.0,0.0,0.0,0.0
5134.0,Pawtucket,389,0.0,0.0,0.0,0.0,0.0
5135.0,Pawtucket,390,0.0,0.0,0.5,0.0,0.0
5136.0,Pawtucket,391,0.0,0.0,0.3,0.2,0.0
5137.0,Pawtucket,392,0.0,0.0,0.0,0.5,0.0
5138.0,Pawtucket,393,0.0,0.0,0.0,0.3,0.2
5139.0,Pawtucket,394,0.0,0.0,0.0,0.0,0.5
5140.0,Pawtucket,395,0.0,0.0,0.0,0.0,0.3
5141.0,Pawtucket,396,0.0,0.0,0.0,0.0,0.0
5142.0,Pawtucket,397,0.0,0.0,0.0,0.0,0.0
5143.0,Pawtucket,398,0.0,0.0,0.0,0.0,0.0
5144.0,Pawtucket,399,0.0,0.0,0.0,0.0,0.0
5145.0,Pawtucket,400,0.0,0.0,0.0,0.0,0.0
5146.0,Pawtucket,401,0.0,0.0,0.0,0.0,0.0
5147.0,Pawtucket,402,0.0,0.0,0.0,0.0,0.0
5148.0,Pawtucket,403,0.0,0.0,0.0,0.0,0.0
5149.0,Pawtucket,404,0.0,0.0,0.0,0.0,0.0
5151.0,Pawtucket,405,0.0,0.0,0.0,0.0,0.0
5158.0,Pawtucket,409,0.0,0.0,0.0,0.0,0.0
5159.0,Pawtucket,410,0.0,0.0,0.0,0.0,0.0
5165.0,Portsmouth,414,0.0,0.0,0.0,0.0,0.0
5167.0,Portsmouth,416,0.0,0.0,0.0,0.0,0.0
5168.0,Portsmouth,417,0.0,0.0,0.0,0.0,0.0
5174.0,Providence,420,0.0,0.0,0.0,0.0,0.0
5175.0,Providence,421,0.2,0.0,0.0,0.0,0.0
5176.0,Providence,422,0.5,0.0,0.0,0.0,0.0
5180.0,Providence,425,0.0,0.0,0.0,0.0,0.0
5181.0,Providence,426,0.0,0.0,0.0,0.0,0.0
5185.0,Providence,430,0.0,0.0,0.0,0.0,0.0
5186.0,Providence,431,0.0,0.0,0.0,0.0,0.0
5196.0,Providence,436,0.0,0.0,0.0,0.0,0.0
5214.0,Providence,445,0.0,0.0,0.0,0.0,0.0
5219.0,Richmond,449,0.6,0.0,0.0,0.0,0.0
5221.0,Richmond,451,0.0,0.0,0.0,0.0,0.0
5222.0,Scituate,452,0.0,0.0,0.0,0.0,0.0
5226.0,Smithfield,454,0.0,0.0,0.0,0.0,0.0
5237.0,Smithfield,463,0.0,0.0,0.0,0.0,0.0
5244.0,S. Kingstown,465,0.0,0.0,0.0,0.0,0.0
5248.0,S. Kingstown,467,0.0,0.0,0.0,0.0,0.0
5262.0,Tiverton,477,0.0,0.0,0.0,0.0,0.0
5264.0,"Tiverton, Portsmouth",478,0.0,0.0,0.0,0.0,0.0
5266.0,W. Warwick,480,0.0,0.0,0.0,0.0,0.0
5276.0,Warwick,489,0.0,0.0,0.0,0.0,0.0
5277.0,Warwick,490,0.0,0.0,0.0,0.0,0.0
5278.0,Warwick,491,0.0,0.0,0.0,0.0,0.0
5279.0,Warwick,492,0.0,0.0,0.0,0.0,0.0
5281.0,Warwick,493,0.0,0.0,0.0,0.0,0.0
5284.0,"Warwick, E. Greenwich",494,0.0,0.0,0.0,0.0,0.0
5290.0,Westerly,500,0.0,0.0,0.0,0.0,0.0
5296.0,Woonsocket,504,0.0,0.5,0.0,0.0,0.0
5298.0,Woonsocket,505,0.0,0.0,0.0,0.0,0.0
5310.0,Woonsocket,515,0.0,0.0,0.0,0.0,0.0
5265.0,W. Warwick,479,0.0,0.0,0.0,0.0,0.0
5015.0,Charlestown,316,0.0,0.0,0.0,0.0,0.0
5029.0,Cranston,326,0.0,0.0,0.0,0.0,0.0
5024.0,Cranston,321,0.5,0.0,,1.0,0.0
5025.0,Cranston,322,0.0,0.0,0.0,0.0,0.0
5032.0,Cumberland,329,0.0,0.0,0.0,0.0,0.0
5128.0,N. Kingstown,385,1.4,,0.0,0.0,0.0
5170.0,Portsmouth,418,0.0,0.0,0.0,0.0,0.0
5201.0,Providence,439,0.0,0.0,0.0,0.0,0.0
5205.0,Providence,442,0.0,0.0,0.0,0.0,0.0
1356.0,Middletown,625,0.0,0.0,0.0,0.0,0.0
9012.0,,602,0.0,0.0,1.6,0.0,0.0
9013.0,,603,0.0,0.0,0.12,4.3,2.58
7020.0,Providence,713,,,,,
2002.0,Providence,715,,,,,
2006.0,Burrillville,716,,,,,
2007.0,South Kingstown,717,,,,,
7901.0,"Westerly, South Kingston, Woonsocket",588,0.35,0.45,0.45,0.45,0.45
7904.0,Portsmouth,591,0.0,0.0,0.0,0.0,0.0
5184.0,Providence,714,,,,,
1116.0,,29,1.0,1.0,1.0,1.0,1.0
1117.0,,30,0.15,0.15,0.15,0.15,0.15
1118.0,,31,1.0,1.0,1.0,1.0,1.0
1264.0,,32,0.0,0.0,0.0,0.0,0.0
1265.0,,33,2.5,2.5,2.5,2.5,2.5
1427.0,,176,9.0,9.0,9.0,9.0,9.0
1430.0,,177,0.0,0.0,0.0,0.0,0.0
1431.0,,178,0.4,0.4,0.4,0.4,0.4
1444.0,,180,0.0,0.0,0.0,0.0,0.0
1445.0,,181,0.3,0.3,0.3,0.3,0.3
1446.0,,182,0.5,0.5,0.5,0.5,0.5
1457.0,,190,0.0,0.0,0.0,0.0,0.0
1468.0,,201,0.0,0.0,0.0,0.0,0.0
1470.0,,203,0.0,0.0,0.0,0.0,0.0
1478.0,,211,0.0,0.0,0.0,0.0,0.0
1521.0,,248,1.2,0.0,0.0,0.0,0.0
1538.0,,265,0.0,0.0,0.4688,0.4688,0.0
7000.0,,528,2.2,2.2,2.2,2.2,2.2
7101.0,,529,2.78,2.86,2.95,3.04,3.13
7102.0,,530,1.6892,1.723,1.7575,1.7926,1.8285
7103.0,,531,0.3,0.3,0.3,0.3,0.3
7104.0,,532,0.1,0.1,0.1,0.1,0.1
7105.0,,533,0.1,0.1,0.1,0.1,0.1
7106.0,,534,0.1,0.1,0.1,0.1,0.1
7107.0,,535,2.0,2.0,2.0,2.0,2.0
7108.0,,536,0.5,0.5,0.5,0.5,0.5
7150.0,,538,1.0,2.7,2.7,2.7,2.7
7151.0,,539,0.37,8.5,9.5,9.5,10.0
7201.0,,540,8.0,8.0,8.0,8.0,8.0
7202.0,,541,9.3,9.3,9.3,9.3,8.3217
7203.0,,542,0.1,0.1,0.1,0.1,0.1
7301.0,,543,2.0,2.0,2.0,2.0,2.0
7302.0,,544,0.25,0.25,0.25,0.25,0.25
7303.0,,545,0.25,0.25,0.25,0.25,0.25
7304.0,,546,1.0,1.0,1.0,1.0,1.0
7305.0,,547,3.7,3.72,3.74,3.76,3.78
7401.0,,548,2.0,2.0,2.0,2.0,2.0
7402.0,,549,1.5,1.8,1.8,1.8,1.8
7403.0,,550,1.9,3.1,1.1,1.9,0.9
7404.0,,551,0.5,0.25,0.25,0.25,0.25
7501.0,,552,12.0,14.0,14.0,15.0,15.0
7502.0,,553,5.383,6.0304,6.1812,6.3357,6.4941
7503.0,,554,18.3961,20.0382,22.5284,30.1699,33.5137
7504.0,,555,0.6,0.6,0.6,0.6,0.6
7505.0,,556,3.5,3.5,3.5,3.5,3.5
7506.0,,557,2.0,2.0,2.0,2.0,2.0
7507.0,,558,0.5,0.5,0.5,0.5,0.5
7601.0,,559,1.25,1.25,1.25,1.25,1.25
7602.0,,560,0.75,0.75,0.75,0.75,0.75
7603.0,,561,1.0,1.0,1.0,1.0,1.0
7604.0,,562,1.6,1.6,1.6,1.6,1.6
7605.0,,563,6.6,6.6,6.6,6.6,6.6
7606.0,,564,0.4,0.4,0.4,0.4,0.4
7607.0,,565,0.46,0.46,0.46,0.46,0.46
7608.0,,566,2.9,2.9,2.9,2.9,2.9
7609.0,,567,6.0,6.0,6.0,6.0,6.0
7610.0,,568,0.14,0.14,0.14,0.14,0.14
7611.0,,569,0.09,0.09,0.09,0.09,0.09
7612.0,,570,0.4,0.4,0.4,0.4,0.4
7613.0,,571,3.1392,0.624,0.5807,0.099,0.0
7614.0,,572,0.0,0.0,0.0,0.0,0.0
7615.0,,573,-9.0,-9.0,-9.0,-9.0,-9.0
7701.0,,574,41.8833,37.8443,37.2076,31.9774,28.5158
7702.0,,575,59.1415,59.1392,59.1415,59.1435,52.1405
7703.0,,576,6.9,6.9,6.9,6.9,6.9
7801.0,,577,0.4,0.4,0.4,0.4,0.4
7802.0,,578,2.2,2.2,2.2,2.2,2.2
7803.0,,579,2.1,2.1,2.1,2.1,2.1
7804.0,,580,2.4,2.4,2.4,2.4,2.4
7805.0,,581,0.12,0.12,0.12,0.12,0.12
7806.0,,582,0.6,0.6,0.6,0.6,0.6
7807.0,,583,0.12,0.12,0.12,0.12,0.12
7808.0,,584,3.5639,3.5999,3.4977,3.5,3.2447
7809.0,,585,0.13,0.13,0.13,0.13,0.13
7810.0,,586,1.3378,1.3378,1.3378,1.3378,1.3378
7811.0,,587,1.8,1.8,1.8,1.8,1.8
7902.0,,589,2.5,8.125,8.125,8.125,6.925
7903.0,,590,1.0,1.0,1.0,1.0,1.0
7905.0,,592,0.0,2.5,0.0,0.0,0.0
7906.0,,593,0.4,0.625,0.625,0.625,0.625
7907.0,,594,0.0,2.0,0.0,0.0,0.0
8000.0,,595,0.0,0.0,0.0,0.0,0.0
9011.0,,601,0.64,0.0,0.0,0.0,0.0
9202.0,,605,0.0,0.0,0.0,0.0,0.0
9203.0,,606,0.0,0.0,0.0,0.0,0.0
9204.0,,607,0.0,0.0,0.0,0.0,0.0
9205.0,,608,0.0,0.0,0.0,0.0,0.0
9300.0,,609,0.0,0.0,0.0,0.0,0.0
9301.0,,610,1.0,0.0,3.5,0.0,2.95
9302.0,,611,0.0,2.4,0.0,3.5,0.0
9303.0,,612,0.0,2.25,0.0,3.5,0.0
9304.0,,613,1.0,0.0,3.5,0.0,0.0
9305.0,,614,1.0,0.0,2.65,0.0,3.5
9306.0,,615,0.0,2.5,0.0,2.65,0.0
9307.0,,616,1.2,2.5,0.0,0.0,1.5
9308.0,,617,0.0,0.0,0.0,0.0,0.0
11001.0,,623,3.0,3.0,3.0,3.0,3.0
11003.0,,624,2.46,2.46,2.46,2.46,2.46
9010.0,,626,,,,,
1438.0,,627,,,,,
1447.0,,628,,,,,
9401.0,,695,0.8312,0.7812,0.8312,0.7812,0.7812
9402.0,,696,0.7188,0.7688,0.7688,0.7688,0.7188
9403.0,,697,0.9875,0.9375,0.9875,0.9375,0.9375
9404.0,,698,0.7812,0.8312,0.8312,0.8312,0.7812
9405.0,,699,0.8312,0.7812,0.8312,0.7812,0.7812
9601.0,,700,1.16,1.33,2.45,3.07,0.94
9602.0,,701,1.36,1.16,0.79,1.91,0.0
9603.0,,702,1.28,0.16,0.79,1.91,0.63
9604.0,,703,0.6,0.04,0.08,0.64,0.31
9605.0,,704,0.24,1.18,2.12,2.06,0.94
9607.0,,705,0.6,0.22,0.22,2.4,0.0
9608.0,,706,0.0,0.0,0.0,0.0,0.0
9609.0,,707,0.21,3.6,0.12,0.12,0.63
9610.0,,708,0.4,0.0,0.0,0.0,0.0
9611.0,,709,0.31,0.37,0.1,1.04,0.31
9612.0,,710,0.11,1.8,0.0,0.0,0.0
9613.0,,711,0.6,0.04,0.04,0.6,0.0
9614.0,,712,0.0,0.08,0.14,1.06,0.47
801.0,,1,6.0,4.0,4.0,4.0,2.0
802.0,,2,0.0,0.0,0.0,0.0,0.0
813.0,,3,0.0,0.0,0.0,0.0,0.0
814.0,,4,6.7357,6.7357,0.0,0.0,0.0
815.0,,5,0.0,0.0,0.0,0.0,0.0
816.0,,6,0.0,2.0062,7.29,6.29,0.0
817.0,,7,0.0,0.0,0.0,0.0,0.0
818.0,,8,0.0,0.0,0.0,0.0,0.0
819.0,,9,0.0,0.0,0.0,0.0,0.0
820.0,,10,0.0,1.8752,5.6887,4.6887,0.0
821.0,,11,0.0,0.0,0.0,0.0,0.0
822.0,,12,3.2484,3.2484,0.0,0.0,0.0
823.0,,13,0.0,0.0,0.0,0.0,0.0
824.0,,14,0.0,0.0,0.0,0.0,0.0
825.0,,15,0.0,0.0,0.0,0.0,0.0
826.0,,16,6.8963,4.8963,0.0,0.0,0.0
827.0,,17,0.0,0.0,0.0,0.0,0.0
828.0,,18,0.0,0.0,0.0,0.0,0.0
829.0,,19,0.0,0.0,0.0,0.0,0.0
830.0,,20,6.7385,0.0,0.0,0.0,0.0
831.0,,21,0.0,0.0,1.2614,6.3993,10.9993
832.0,,22,0.0,0.7886,5.626,5.626,0.0
833.0,,23,0.0,0.0,0.0,0.0,0.0
834.0,,24,0.0,3.344,9.7862,6.1862,0.0
835.0,,25,5.5798,5.5798,0.0,0.0,0.0
836.0,,26,0.0,0.0,6.1882,11.9462,23.3462
837.0,,27,0.0,0.724,5.2658,3.2658,0.0
838.0,,28,0.0,0.6654,5.3254,3.3254,0.0
841.0,,29,0.0,0.0,0.0,0.0,0.0
842.0,,30,4.2422,4.0807,0.0,0.0,0.0
843.0,,31,9.6562,7.5521,0.0,0.0,0.0
844.0,,32,0.0,0.0,0.0,1.5362,21.763
845.0,,33,2.1044,3.5045,4.7046,1.0349,0.0
846.0,,34,5.1073,12.449,4.1497,0.0,0.0
847.0,,35,0.0,0.0,0.0,0.0,0.0
848.0,,36,1.0661,3.6223,1.7074,0.0,0.0
849.0,,37,0.0,0.0,0.0,0.0,0.0
850.0,,38,7.2009,2.4003,0.0,0.0,0.0
851.0,,39,0.0,0.0,1.25,2.95,5.15
852.0,,40,0.0,0.0,0.0,0.0,1.5418
853.0,,41,1.7061,1.5105,6.3193,1.8398,0.0
854.0,,42,0.0,0.0,0.0,0.0,2.1426
855.0,,43,1.6512,7.3142,9.0158,1.5674,0.0
856.0,,44,0.0,0.0,0.0,0.0,0.0
857.0,,45,0.0,0.0,0.0,0.0,0.0
858.0,,46,1.2412,4.2069,8.8776,0.0,0.0
859.0,,47,0.0,0.0,2.1862,4.3174,9.9267
860.0,,48,0.0,0.0,0.0,0.0,5.0
861.0,,49,0.0,0.9991,1.7064,1.4366,3.8211
862.0,,50,0.0,0.0,0.0,0.0,0.0
863.0,,51,0.0,0.0,0.0,0.0,0.0
864.0,,52,0.0,0.0,0.0,0.0,0.0
865.0,,53,0.0,0.0,0.0,0.0,0.0
866.0,,54,0.0,0.0,0.0,0.0,0.0
867.0,,55,,,0.0,0.0,0.0
868.0,,56,0.0,0.0,0.0,0.0,0.0
869.0,,57,0.0,0.0,0.0,0.0,0.0
870.0,,58,0.0,0.0,0.0,0.0,0.0
871.0,,59,0.0,0.0,0.0,0.0,0.0
872.0,,60,0.0,0.0,0.0,0.0,0.0
873.0,,61,0.0,0.0,0.0,0.0,0.0
874.0,,62,0.0,0.0,0.0,0.0,0.0
875.0,,63,0.0,0.0,0.0,0.0,0.0
876.0,,64,0.0,0.0,0.0,0.0,0.0
877.0,,65,0.0,0.0,0.0,0.0,0.0
878.0,,66,0.0,0.0,0.0,0.0,0.0
879.0,,67,10.0,3.0,0.0,0.0,0.0
880.0,,68,0.0,0.0,0.0,0.0,0.0
881.0,,69,0.0,0.0,0.0,0.0,0.0
883.0,,70,0.0,0.0,0.0,0.0,0.0
884.0,,71,0.0,0.0,0.0,0.0,0.0
885.0,,72,0.0,0.0,0.0,0.0,0.0
886.0,,73,0.0,0.0,0.0,0.0,0.0
887.0,,74,0.0,0.0,0.0,0.0,0.0
888.0,,75,0.0,0.0,0.0,0.0,0.0
889.0,,76,0.0,0.0,0.0,0.0,0.0
890.0,,77,0.0,0.0,0.0,0.0,0.0
891.0,,78,0.0,0.0,0.0,0.0,0.0
892.0,,79,0.0,0.0,0.0,0.0,0.0
893.0,,80,0.0,0.0,0.0,0.0,0.0
894.0,,81,0.0,0.0,0.0,0.0,0.0
895.0,,82,0.0,0.0,,,
896.0,,83,0.0,0.0,,,
897.0,,84,0.0,0.0,,,
898.0,,85,0.0,0.0,,,
899.0,,86,0.0,0.0,,,
900.0,,87,0.0,0.0,,,
901.0,,88,0.0,0.0,,,
902.0,,89,0.0,0.0,0.0,0.0,0.0
903.0,,90,0.0,0.0,,,
904.0,,91,0.0,0.0,,,
905.0,,92,0.0,0.0,0.0,0.0,0.0
906.0,,93,0.0,0.0,0.0,0.0,0.0
908.0,,94,0.0,0.0,0.0,0.0,0.0
920.0,,95,0.0,0.0,0.0,0.0,0.0
912.0,,96,22.6,3.0,0.0,0.0,0.0
914.0,,97,0.0,0.0,,,
915.0,,98,0.0,0.0,,,
916.0,,99,0.0,0.0,,,
917.0,,100,0.0,0.0,,,
918.0,,101,0.0,0.0,,,
921.0,,102,0.0,0.0,0.0,0.0,0.0
922.0,,103,0.0,0.0,0.0,0.0,0.0
907.0,,104,,,,,
910.0,,105,,,,,
911.0,,106,,,,,
919.0,,107,,,,,
9500.0,,108,49.4,39.3,32.5,23.9,0.0
