ID,TIPID,LineItemName,FY19GasTax,FY19RICAPHIP,FY19RIHMA,FY19RICAPprojects,FY19RICAPfacilities,FY19ProjectCloseouts,FY19IWAYLandSales,FY19GARVEE,FY19TollRevenue,FY19RailwayProgram,FY19HSIP,FY19TAP,FY19NHPP,FY19CMAQ,FY19Planning,FY19STP,FY19NationalFreight,FY19NHTSA,FY19FTA,FY19Earmarks,FY19TollCredits,FY19TransitBond,FY19allocation
29,1116,,,,,,,,,,,,,,,,,1.0,,,,0.0,0.0,0.0,1.0
30,1117,,0.15,,,,,,,,,,,,,,,,,,,0.0,0.0,0.0,0.15
31,1118,,1.0,,,,,,,,,,,,,,,,,,,0.0,0.0,0.0,1.0
32,1264,,,0.0,,,,,,,,,,,0.0,,,0.0,,,,0.0,0.0,0.0,0.0
33,1265,,,0.5,,,,,,,,,,,1.0,,,1.0,,,,0.0,0.0,0.0,2.5
34,1267,,,,3.73,,,,,,,,,,3.419,,,2.15,,,,0.0,0.0,0.0,9.3
35,1268,,,,8.9,,,,,,,,,,,,,,,,,0.0,0.0,0.0,8.9
36,1269,,,,,,,,,,,,,,0.0,,,,,,,0.0,0.0,0.0,0.0
37,1270,,,,,,,,,,,,,,0.0,,,,,,,0.0,0.0,0.0,0.0
38,1271,,,,,,,,,,,,,,0.0,,,,,,,0.0,0.0,0.0,0.0
39,1272,,,,,,,,,,,,,,0.0,,,,,,,0.0,0.0,0.0,0.0
40,1273,,,,,,,,,,,,,,0.0,,,,,,,0.0,0.0,0.0,0.0
41,1274,,,,,,,,,,,,,,0.0,,,,,,,0.0,0.0,0.0,0.0
42,1275,,,,,,,,,,,,,,0.0,,,,,,,0.0,0.0,0.0,0.0
43,1276,,,,,,,,,,,,,,0.0,,,,,,,0.0,0.0,0.0,0.0
44,1277,,,,,,,,,,,,,,0.7,,,,,,,0.0,0.0,0.0,0.7
45,1279,,,,,,,,,,,,,,0.0,,,,,,,0.0,0.0,0.0,0.0
46,1280,,,,,,,,,,,,,,0.0,,,,,,,0.0,0.0,0.0,0.0
47,1281,,,,,,,,,,,,,,0.0,,,,,,,0.0,0.0,0.0,0.0
48,1283,,,,,,,,,,,,,,0.0,,,,,,,0.0,0.0,0.0,0.0
49,1284,,,,,,,,,,,,,,0.0,,,,,,,0.0,0.0,0.0,0.0
50,1285,,,,,,,,,,,,,,0.0,,,,,,,0.0,0.0,0.0,0.0
51,1286,,,,,,,,,,,,,,2.9,,,,,,,0.0,0.0,0.0,2.9
52,1287,,,,,,,,,,,,,,0.0,,,,,,,0.0,0.0,0.0,0.0
53,1289,,,,,,,,,,,,,,0.0,,,,,,,0.0,0.0,0.0,0.0
54,1290,,,,,,,,,,,,,,0.6,,,,,,,0.0,0.0,0.0,0.6
55,1291,,,,,,,,,,,,,,0.0,,,,,,,0.0,0.0,0.0,0.0
56,1292,,,,,,,,,,,,,,0.0,,,,,,,0.0,0.0,0.0,0.0
57,1293,,,,,,,,,,,,,,0.0,,,,,,,0.0,0.0,0.0,0.0
58,1294,,,,,,,,,,,,,,0.0,,,,,,,0.0,0.0,0.0,0.0
59,1295,,,,,,,,,,,,,,0.0,,,,,,,0.0,0.0,0.0,0.0
60,1296,,,,,,,,,,,,,,,,,0.0,,,,0.0,0.0,0.0,0.0
61,1297,,,,,,,,,,,,,,0.0,,,,,,,0.0,0.0,0.0,0.0
62,1298,,,,,,,,,,,,,,0.0,,,,,,,0.0,0.0,0.0,0.0
63,1299,,,,,,,,,,,,,,0.0,,,,,,,0.0,0.0,0.0,0.0
64,1300,,,,,,,,,,,,,,0.8,,,,,,,0.0,0.0,0.0,0.8
65,1301,,,,,,,,,,,,,,0.0,,,,,,,0.0,0.0,0.0,0.0
66,1302,,,,,,,,,,,,,,,,,3.2,,,,0.0,0.0,0.0,3.2
67,1304,,,,,,,,,,,,,,,,,0.0,,,,0.0,0.0,0.0,0.0
68,1305,,,,,,,,,,,,,,0.0,,,,,,,0.0,0.0,0.0,0.0
69,1306,,,,,,,,,,,,,,0.0,,,,,,,0.0,0.0,0.0,0.0
70,1307,,,,,,,,,,,,,,0.0,,,,,,,0.0,0.0,0.0,0.0
71,1308,,,0.0,,,,,,,,,,,,,,,,,,0.0,0.0,0.0,0.0
72,1309,,,0.0,,,,,,,,,,,,,,,,,,0.0,0.0,0.0,0.0
73,1311,,,0.0,,,,,,,,,,,,,,,,,,0.0,0.0,0.0,0.0
74,1313,,,,,,,,,,,,,,0.0,,,,,,,0.0,0.0,0.0,0.0
75,1314,,,,,,,,,,,,,,4.4,,,,,,,0.0,0.0,0.0,4.4
76,1315,,,,,,,,,,,,,,,,,0.0,,,,0.0,0.0,0.0,0.0
77,1316,,,,,,,,,,,,,,,,,0.0,,,,0.0,0.0,0.0,0.0
78,1317,,,,,,,,,,,,,,0.0,,,,,,,0.0,0.0,0.0,0.0
79,1318,,,,,,,,,,,,,,0.0,,,,,,,0.0,0.0,0.0,0.0
80,1319,,,0.0,,,,,,,,,,,,,,,,,,0.0,0.0,0.0,0.0
81,1321,,,,,,,,,,,,,,0.0,,,,,,,0.0,0.0,0.0,0.0
82,1322,,,,,,,,,,,,,,,,,0.0,,,,0.0,0.0,0.0,0.0
83,1323,,,,2.6,,,,,,,,,,0.0,,,,,,,0.0,0.0,0.0,2.6
84,1324,,,,,,,,,,,,,,,,,0.0,,,,0.0,0.0,0.0,0.0
85,1325,,,,,,,,,,,,,0.1,0.0,,,,,,,0.0,0.0,0.0,0.1
86,1326,,,,,,,,,,,,,,0.0,,,,,,,0.0,0.0,0.0,0.0
87,1327,,,,,,,,,,,,,,,,,0.0,,,,0.0,0.0,0.0,0.0
88,1328,,,,1.1,,,,,,,,,,0.0,,,,,,,0.0,0.0,0.0,1.1
89,1329,,,,,,,,,,,,,,,,,0.4,,,,0.0,0.0,0.0,0.4
90,1330,,,,,,,,,,,,,,0.0,,,,,,,0.0,0.0,0.0,0.0
91,1331,,,,,,,,,,,,,,0.0,,,,,,,0.0,0.0,0.0,0.0
92,1332,,,,,,,,,,,,,,,,,0.0,,,,0.0,0.0,0.0,0.0
93,1333,,,0.0,,,,,,,,,,,,,,,,,,0.0,0.0,0.0,0.0
94,1334,,,,,,,,,,,,,,,,,0.0,,,,0.0,0.0,0.0,0.0
95,1335,,,,,,,2.0,,,,,,,,,,,,,,0.0,0.0,0.0,2.0
96,1336,,,,,,,,,,,,,,,,,0.0,,,,0.0,0.0,0.0,0.0
97,1337,,,,,,,,,,,,,,0.0,,,,,,,0.0,0.0,0.0,0.0
98,1338,,,,,,,,,,,,,,,,,0.2,,,,0.0,0.0,0.0,0.2
99,1339,,,,,,,,,,,,,,,,,0.3,,,,0.0,0.0,0.0,0.3
100,1340,,,,,,,,,,,,,,0.0,,,,,,,0.0,0.0,0.0,0.0
101,1341,,,,,,,,,,,,,,0.0,,,,,,,0.0,0.0,0.0,0.0
102,1342,,,,,,,,,,,,,,,,,0.0,,,,0.0,0.0,0.0,0.0
103,1343,,,,,,,,,,,,,,,,,3.1,,,,0.0,0.0,0.0,3.1
104,1346,,,,,,,,,,,,,,,,,0.0,,,,0.0,0.0,0.0,0.0
105,1347,,,,,,,,,,,,,,,,,0.0,,,,0.0,0.0,0.0,0.0
106,1348,,,,,,,,,,,,,,0.0,,,,,,,0.0,0.0,0.0,0.0
107,1349,,,0.0,,,,,,,,,,,,,,,,,,0.0,0.0,0.0,0.0
108,1350,,,,,,,,,,,,,,,,,0.0,,,,0.0,0.0,0.0,0.0
109,1351,,,,,,,,,,,,,,,,,0.0,,,,0.0,0.0,0.0,0.0
110,1352,,,,,,,,,,,,,,,,,0.0,,,,0.0,0.0,0.0,0.0
111,1353,,,,,,,0.0,,,,,,,,,,,,,,0.0,0.0,0.0,0.0
112,1354,,,0.0,,,,,,,,,,,,,,,,,,0.0,0.0,0.0,0.0
113,1355,,,,,,,,,,,,,,1.3,,,,,,,0.0,0.0,0.0,1.3
114,1357,,,,,,,,,,,,,,0.0,,,,,,,0.0,0.0,0.0,0.0
115,1358,,,,,,,,,,,,,,,,,1.9,,,,0.0,0.0,0.0,1.9
116,1359,,,,,,,,,,,,,,,,,0.0,,,,0.0,0.0,0.0,0.0
117,1360,,,,,,,,,,,,,,0.3,,,,,,,0.0,0.0,0.0,0.3
118,1361,,,,,,,,,,,,,,,,,0.15,,,,0.0,0.0,0.0,0.15
119,1362,,,,,,,,,,,,,,0.0,,,,,,,0.0,0.0,0.0,0.0
120,1364,,,,,,,,,,,,,,0.0,,,,,,,0.0,0.0,0.0,0.0
121,1365,,,,,,,,,,,,,,0.0,,,,,,,0.0,0.0,0.0,0.0
122,1366,,,,,,,,,,,,,,0.0,,,,,,,0.0,0.0,0.0,0.0
123,1367,,,,,,,,,,,,,,0.0,,,,,,,0.0,0.0,0.0,0.0
124,1368,,,,,,,,,,,,,,0.3,,,,,,,0.0,0.0,0.0,0.3
125,1369,,,,,,,,,,,,,,,,,0.0,,,,0.0,0.0,0.0,0.0
126,1370,,,,,,,,,,,,,,,,,0.0,,,,0.0,0.0,0.0,0.0
127,1371,,,,,,,,,,,,,,,,,0.0,,,,0.0,0.0,0.0,0.0
128,1372,,,,,,,,,,,,,,,,,0.0,,,,0.0,0.0,0.0,0.0
129,1373,,,,,,,,,,,,,,0.0,,,,,,,0.0,0.0,0.0,0.0
130,1375,,,,,,,,,,,,,,0.0,,,,,,,0.0,0.0,0.0,0.0
131,1376,,,,,,,,,,,,,,0.0,,,,,,,0.0,0.0,0.0,0.0
132,1377,,,,,,,,,,,,,,,,,0.0,,,,0.0,0.0,0.0,0.0
133,1378,,,,,,,,,,,,,,0.0,,,,,,,0.0,0.0,0.0,0.0
134,1379,,,,,,,,,,,,,,0.1,,,,,,,0.0,0.0,0.0,0.1
135,1380,,,,,,,,,,,,,,0.0,,,,,,,0.0,0.0,0.0,0.0
136,1381,,,,,,,,,,,,,,0.3,,,,,,,0.0,0.0,0.0,0.3
137,1384,,,,4.1,,,,,,,,,,0.0,,,,,,,0.0,0.0,0.0,4.1
138,1386,,,,,,,,,,,,,,0.0,,,,,,,0.0,0.0,0.0,0.0
139,1387,,,0.0,,,,,,,,,,,,,,,,,,0.0,0.0,0.0,0.0
140,1388,,,,,,,,,,,,,,,,,1.3,,,,0.0,0.0,0.0,1.3
141,1389,,,,,,,,,,,,,,,,,3.2,,,,0.0,0.0,0.0,3.2
142,1390,,,,,,,,,,,,,,0.2,,,,,,,0.0,0.0,0.0,0.2
143,1391,,,,,,,,,,,,,,,,,0.15,,,,0.0,0.0,0.0,0.15
144,1392,,,,,,,,,,,,,,,,,0.0,,,,0.0,0.0,0.0,0.0
145,1393,,,,,,,,,,,,,,0.0,,,,,,,0.0,0.0,0.0,0.0
146,1394,,,,,,,,,,,,,,,,,0.0,,,,0.0,0.0,0.0,0.0
147,1395,,,,,,,1.0,,,,,,,,,,0.3,,,,0.0,0.0,0.0,1.3
148,1397,,,,,,,,,,,,,,0.0,,,,,,,0.0,0.0,0.0,0.0
149,1398,,,,,,,,,,,,,,0.2,,,,,,,0.0,0.0,0.0,0.2
150,1399,,,,,,,,,,,,,,0.3,,,,,,,0.0,0.0,0.0,0.3
151,1400,,,0.0,,,,,,,,,,,,,,,,,,0.0,0.0,0.0,0.0
152,1401,,,,,,,,,,,,,,0.1,,,,,,,0.0,0.0,0.0,0.1
153,1402,,,,,,,,,,,,,,0.0,,,,,,,0.0,0.0,0.0,0.0
154,1403,,,,,,,,,,,,,,,,,0.0,,,,0.0,0.0,0.0,0.0
155,1404,,,,,,,,,,,,,,,,,0.0,,,,0.0,0.0,0.0,0.0
156,1405,,,,,,,,,,,,,,,,,0.0,,,,0.0,0.0,0.0,0.0
157,1406,,,,,,,,,,,,,,,,,0.0,,,,0.0,0.0,0.0,0.0
158,1407,,,,,,,,,,,,,,,,,0.0,,,,0.0,0.0,0.0,0.0
159,1408,,,,,,,,,,,,,,0.0,,,,,,,0.0,0.0,0.0,0.0
160,1409,,,,,,,,,,,,,,0.0,,,,,,,0.0,0.0,0.0,0.0
161,1410,,,,,,,,,,,,,,0.0,,,,,,,0.0,0.0,0.0,0.0
162,1411,,,,,,,,,,,,,,0.0,,,,,,,0.0,0.0,0.0,0.0
163,1412,,,,,,,,,,,,,,0.0,,,,,,,0.0,0.0,0.0,0.0
164,1413,,,,,,,,,,,,,,0.0,,,,,,,0.0,0.0,0.0,0.0
165,1414,,,,,,,,,,,,,,0.0,,,,,,,0.0,0.0,0.0,0.0
166,1415,,,,,,,,,,,,,,0.3,,,,,,,0.0,0.0,0.0,0.3
167,1416,,,,,,,,,,,,,,0.0,,,,,,,0.0,0.0,0.0,0.0
168,1417,,,,,,,,,,,,,,,,,0.0,,,,0.0,0.0,0.0,0.0
169,1418,,,,,,,,,,,,,,,,,0.0,,,,0.0,0.0,0.0,0.0
170,1419,,,,,,,,,,,,,,,,,0.0,,,,0.0,0.0,0.0,0.0
171,1420,,,,,,,,,,,,,,0.0,,,,,,,0.0,0.0,0.0,0.0
172,1421,,,,,,,,,,,,,,,,,0.2,,,,0.0,0.0,0.0,0.2
173,1423,,,,,,,,,,,,,,0.0,,,,,,,0.0,0.0,0.0,0.0
174,1424,,,,3.4,,,,,,,,,,,,,,,,,0.0,0.0,0.0,3.4
175,1425,,,,,,,,,,,,,,,,,0.0,,,,0.0,0.0,0.0,0.0
176,1427,,,5.5,,,,,,,,,,,,,,,,,,0.0,0.0,0.0,5.5
177,1430,,,0.0,,,,,,,,,0.0,,,,,0.0,,,,0.0,0.0,0.0,0.0
178,1431,,,,,,,,,,,,,,,,,0.4,,,,0.0,0.0,0.0,0.4
179,1439,,,,,,,,,,,,0.0,,,,,,,,,0.0,0.0,0.0,0.0
180,1444,,,,,,,,,,,,0.0,,,,,,,,,0.0,0.0,0.0,0.0
181,1445,,,,,,,,,,,,,,,,,0.3,,,,0.0,0.0,0.0,0.3
182,1446,,,,,,,,,,,,0.5,,,,,,,,,0.0,0.0,0.0,0.5
183,1450,,,,,,,,,,,,0.0,,,,,,,,,0.0,0.0,0.0,0.0
184,1451,,,,,,,,,,,,0.0,,,,,,,,,0.0,0.0,0.0,0.0
186,1453,,,,,,,,,,,,0.0,,,,,,,,,0.0,0.0,0.0,0.0
187,1454,,,,,,,,,,,,0.0,,,,,,,,,0.0,0.0,0.0,0.0
188,1455,,,,,,,,,,,,,,0.0,,,,,,,0.0,0.0,0.0,0.0
189,1456,,,,,,,,,,,,0.0,,,,,,,,,0.0,0.0,0.0,0.0
190,1457,,,,,,,,,,,,0.0,,,,,,,,,0.0,0.0,0.0,0.0
191,1458,,,,,,,,,,,,0.0,,,,,,,,,0.0,0.0,0.0,0.0
192,1459,,,,,,,,,,,,0.0,,,,,,,,,0.0,0.0,0.0,0.0
193,1460,,,,,,,,,,,,0.0,,,,,,,,,0.0,0.0,0.0,0.0
195,1462,,,,,,,,,,,,0.0,,,,,,,,,0.0,0.0,0.0,0.0
199,1466,,,,,,,,,,,,0.0,,,,,,,,,0.0,0.0,0.0,0.0
200,1467,,,,,,,,,,,,0.0,,,,,,,,,0.0,0.0,0.0,0.0
201,1468,,,,,,,,,,,,,,,,,0.0,,,,0.0,0.0,0.0,0.0
202,1469,,,,,,,,,,,,0.0,,,,,,,,,0.0,0.0,0.0,0.0
203,1470,,,,,,,,,,,,0.0,,,,,,,,,0.0,0.0,0.0,0.0
209,1476,,,,,,,,,,,,0.6,,,,,,,,,0.0,0.0,0.0,0.6
211,1478,,,,,,,,,,,,0.3,,,,,,,,,0.0,0.0,0.0,0.3
213,1484,,,,,,,,,,,,0.9,,,,,,,,,0.0,0.0,0.0,0.9
214,1485,,,,,,,,,,,,0.0,,,,,,,,,0.0,0.0,0.0,0.0
218,1491,,,,,,,,,,,,0.3,,,,,,,,,0.0,0.0,0.0,0.3
225,1498,,,,,,,,,,,,0.5,,,,,,,,,0.0,0.0,0.0,0.5
233,1506,,,,,,,,,,,,0.2,,,,,,,,,0.0,0.0,0.0,0.2
236,1509,,,,,,,,,,,,0.2,,,,,,,,,0.0,0.0,0.0,0.2
237,1510,,,,,,,,,,,,,,,,,0.3,,,,0.0,0.0,0.0,0.3
239,1512,,,,,,,,,,,,,,0.2,,,,,,,0.0,0.0,0.0,0.2
241,1514,,,,,,,,,,,,0.0,,,,,,,,,0.0,0.0,0.0,0.0
248,1521,,,,,,,,,,,,0.075,,,,,,,,,0.0,0.0,0.0,0.075
249,1522,,,,,,,,,,,,0.2,,,,,,,,,0.0,0.0,0.0,0.2
252,1525,,,,,,,,,,,,0.0,,,,,,,,,0.0,0.0,0.0,0.0
253,1526,,,,,,,,,,,,0.0,,,,,,,,,0.0,0.0,0.0,0.0
255,1528,,,,,,,,,,,,0.0,,,,,,,,,0.0,0.0,0.0,0.0
258,1531,,,,,,,,,,,,,,,,,0.0,,,,0.0,0.0,0.0,0.0
259,1532,,,,,,,,,,,,,,,,,0.0,,,,0.0,0.0,0.0,0.0
262,1535,,,,,,,,,,,,,,,,,0.0,,,,0.0,0.0,0.0,0.0
263,1536,,,,,,,,,,,,,,,,,0.0,,,,0.0,0.0,0.0,0.0
264,1537,,,,,,,,,,,,,,,,,0.0,,,,0.0,0.0,0.0,0.0
265,1538,,,,,,,,,,,,0.0,,,,,,,,,0.0,0.0,0.0,0.0
267,1540,,,,,,,,,,,,,,0.0,,,,,,,0.0,0.0,0.0,0.0
268,1541,,,,,,,,,,,,0.0,,,,,,,,,0.0,0.0,0.0,0.0
269,1542,,,,,,,,,,,,0.0,,,,,,,,,0.0,0.0,0.0,0.0
271,1544,,,,,,,,,,,,0.0,,,,,,,,,0.0,0.0,0.0,0.0
303,1576,,,,,,,,,,,,,,0.0,,,,,,,0.0,0.0,0.0,0.0
304,1578,,,,,,,,,,,,,,0.0,,,,,,,0.0,0.0,0.0,0.0
305,1579,,,,,,,,,,,,,,0.0,,,,,,,0.0,0.0,0.0,0.0
306,5001,,,,0.126,,,,,,,,,,,,,,,,,0.0,0.0,0.0,0.126
307,5002,,,,0.144,,,,,,,,,,,,,,,,,0.0,0.0,0.0,0.144
308,5004,,,,,,,,,,,,,,,,,,,,,0.0,0.0,0.0,0.0
309,5005,,,,0.0,,,,,,,,,,,,,,,,,0.0,0.0,0.0,0.0
310,5007,,,,0.0,,,,,,,,,,,,,,,,,0.0,0.0,0.0,0.0
311,5008,,,,,,,,,,,,,,,,,0.0,,,,0.0,0.0,0.0,0.0
312,5009,,,,,,,,,,,,,,,,,0.0,,,,0.0,0.0,0.0,0.0
313,5010,,,,,,,,,,,,,,,,,0.0,,,,0.0,0.0,0.0,0.0
314,5011,,,0.85,,,,,,,,,,,,,,,,,2.7,0.0,0.0,0.0,3.55
315,5014,,,,0.0,,,,,,,,,,,,,,,,,0.0,0.0,0.0,0.0
316,5015,,,,0.0,,,,,,,,,,,,,,,,,0.0,0.0,0.0,0.0
317,5018,,,,,,,,,,,,,,0.0,,,,,,,0.0,0.0,0.0,0.0
318,5019,,,,,,,,,,,,,,0.0,,,,,,,0.0,0.0,0.0,0.0
319,5021,,,,0.147,,,,,,,,,,,,,,,,,0.0,0.0,0.0,0.147
320,5022,,,,,,,,,,,,0.0,,,,,,,,,0.0,0.0,0.0,0.0
321,5024,,,,0.0,,,,,,,,,,,,,,,,,0.0,0.0,0.0,0.0
322,5025,,,,0.0,,,,,,,,,,,,,,,,,0.0,0.0,0.0,0.0
323,5026,,,,,,,,,,,,,,,,,,,,,0.0,0.0,0.0,0.0
324,5027,,,,,,,,,,,,,,,,,0.0,,,,0.0,0.0,0.0,0.0
325,5028,,,,0.0,,,,,,,,,,,,,,,,,0.0,0.0,0.0,0.0
326,5029,,,,0.0,,,,,,,,,,,,,,,,,0.0,0.0,0.0,0.0
327,5030,,,,,,,,,,,,,,,,,0.0,,,,0.0,0.0,0.0,0.0
328,5031,,,,,,,,,,,,,,,,,0.0,,,,0.0,0.0,0.0,0.0
329,5032,,,,0.0,,,,,,,,,,,,,,,,,0.0,0.0,0.0,0.0
330,5034,,,,,,,,,,,0.0,,,,,,,,,,0.0,0.0,0.0,0.0
331,5035,,,,,,,,,,,0.65,,,,,,,,,,0.0,0.0,0.0,0.65
332,5036,,,,,,,,,,,0.0,,,,,,,,,,0.0,0.0,0.0,0.0
333,5038,,,,,,,,,,,,,,0.0,,,,,,,0.0,0.0,0.0,0.0
334,5039,,,,0.096,,,,,,,,,,,,,,,,,0.0,0.0,0.0,0.096
335,5040,,,,0.051,,,,,,,,,,,,,,,,,0.0,0.0,0.0,0.051
336,5041,,,,,,,,,,,,,,,,,,,,,0.0,0.0,0.0,0.0
337,5044,,,,,,,,,,,,0.0,,,,,,,,,0.0,0.0,0.0,0.0
338,5045,,,,0.0,,,,,,,,,,,,,,,,,0.0,0.0,0.0,0.0
339,5046,,,,,,,,,,,,,,,,,0.0,,,,0.0,0.0,0.0,0.0
340,5048,,,,,,,,,,,,,,,,,,,,,0.0,0.0,0.0,0.0
341,5049,,,,,,,,,,,,,,,,,,,,,0.0,0.0,0.0,0.0
342,5050,,,,,,,,,,,,,,,,,,,,,0.0,0.0,0.0,0.0
343,5052,,,,,,,,,,,,0.0,,,,,,,,,0.0,0.0,0.0,0.0
344,5056,,,,,,,,,,,,0.0,,,,,,,,,0.0,0.0,0.0,0.0
345,5057,,,,,,,,,,,,,,,,,0.0,,,,0.0,0.0,0.0,0.0
346,5058,,,,0.0,,,,,,,,,,,,,,,,,0.0,0.0,0.0,0.0
347,5060,,,,0.0,,,,,,,,,,,,,,,,,0.0,0.0,0.0,0.0
348,5061,,,,,,,,,,,,,,,,,0.0,,,,0.0,0.0,0.0,0.0
349,5067,,,,,,,,,,,,0.0,,,,,,,,,0.0,0.0,0.0,0.0
350,5069,,,,,,,,,,,0.0,,,,,,,,,,0.0,0.0,0.0,0.0
351,5070,,,,,,,,,,,,,,0.1,,,,,,,0.0,0.0,0.0,0.1
352,5071,,,,,,,,,,,,0.0,,,,,,,,,0.0,0.0,0.0,0.0
353,5072,,,,0.0,,,,,,,,,,,,,,,,,0.0,0.0,0.0,0.0
354,5078,,,,0.0,,,,,,,,,,,,,,,,,0.0,0.0,0.0,0.0
355,5083,,,,,,,,,,,,0.0,,,,,,,,,0.0,0.0,0.0,0.0
356,5085,,,,,,,,,,,,,,,,,0.0,,,,0.0,0.0,0.0,0.0
357,5088,,,,0.24,,,,,,,,,,,,,,,,,0.0,0.0,0.0,0.24
358,5089,,,,1.14,,,,,,,,,,,,,,,,,0.0,0.0,0.0,1.14
359,5090,,,,,,,,,,,,,,,,,0.0,,,,0.0,0.0,0.0,0.0
360,5091,,,,,,,,,,,,,,,,,0.0,,,,0.0,0.0,0.0,0.0
361,5092,,,,,,,,,,,,,,,,,0.0,,,,0.0,0.0,0.0,0.0
362,5095,,,,0.0,,,,,,,,,,,,,,,,,0.0,0.0,0.0,0.0
363,5096,,,,0.0,,,,,,,,,,,,,,,,,0.0,0.0,0.0,0.0
364,5097,,,,,,,,,,,,,,,,,0.0,,,,0.0,0.0,0.0,0.0
365,5098,,,,,,,,,,,,,,,,,0.0,,,,0.0,0.0,0.0,0.0
366,5099,,,,,,,,,,,,,,,,,0.0,,,,0.0,0.0,0.0,0.0
367,5100,,,,,,,,,,,,,,,,,0.0,,,,0.0,0.0,0.0,0.0
368,5101,,,,,,,,,,,,,,,,,0.0,,,,0.0,0.0,0.0,0.0
369,5102,,,,,,,,,,,,,,,,,0.0,,,,0.0,0.0,0.0,0.0
370,5103,,,,,,,,,,,,,,,,,0.0,,,,0.0,0.0,0.0,0.0
371,5104,,,,,,,,,,,,,,,,,0.0,,,,0.0,0.0,0.0,0.0
372,5105,,,,0.0,,,,,,,,,,,,,,,,,0.0,0.0,0.0,0.0
373,5106,,,,,,,,,,,,,,0.0,,,,,,,0.0,0.0,0.0,0.0
374,5107,,,,,,,,,,,,,,,,,0.0,,,,0.0,0.0,0.0,0.0
375,5108,,,,0.0,,,,,,,,,,,,,,,,,0.0,0.0,0.0,0.0
376,5109,,,,0.0,,,,,,,,,,,,,,,,,0.0,0.0,0.0,0.0
377,5112,,,,,,,,,,,,,,,,,,,,,0.0,0.0,0.0,0.0
378,5114,,,,0.0,,,,,,,,,,,,,,,,,0.0,0.0,0.0,0.0
379,5115,,,,,,,,,,,,0.0,,,,,,,,,0.0,0.0,0.0,0.0
380,5120,,,,2.0,,,,,,,,,,,,,,,,,0.0,0.0,0.0,2.0
381,5121,,,,,,,,,,,,,,,,,,,,,0.0,0.0,0.0,0.0
382,5122,,,,,,,,,,,,0.0,,,,,,,,,0.0,0.0,0.0,0.0
383,5125,,,,,,,,,,,,,,,,,,,,,0.0,0.0,0.0,0.0
384,5126,,,,,,,,,,,,,,0.0,,,,,,,0.0,0.0,0.0,0.0
385,5128,,,,,,,,,,,,,,,,,,,,,0.0,0.0,0.0,0.0
386,5129,,,,,,,,,,,,,,,,,,,,,0.0,0.0,0.0,0.0
387,5130,,,,,,,,,,,,,,,,,0.0,,,,0.0,0.0,0.0,0.0
388,5133,,,,,,,,,,,0.05,,,,,,,,,,0.0,0.0,0.0,0.05
389,5134,,,,,,,,,,,0.0,,,,,,,,,,0.0,0.0,0.0,0.0
390,5135,,,,,,,,,,,0.0,,,,,,,,,,0.0,0.0,0.0,0.0
391,5136,,,,,,,,,,,0.0,,,,,,,,,,0.0,0.0,0.0,0.0
392,5137,,,,,,,,,,,0.0,,,,,,,,,,0.0,0.0,0.0,0.0
393,5138,,,,,,,,,,,0.0,,,,,,,,,,0.0,0.0,0.0,0.0
394,5139,,,,,,,,,,,0.0,,,,,,,,,,0.0,0.0,0.0,0.0
395,5140,,,,,,,,,,,0.0,,,,,,,,,,0.0,0.0,0.0,0.0
396,5141,,,,,,,,,,,0.0,,,,,,,,,,0.0,0.0,0.0,0.0
397,5142,,,,,,,,,,,0.0,,,,,,,,,,0.0,0.0,0.0,0.0
398,5143,,,,,,,,,,,0.0,,,,,,,,,,0.0,0.0,0.0,0.0
399,5144,,,,,,,,,,,0.0,,,,,,,,,,0.0,0.0,0.0,0.0
400,5145,,,,,,,,,,,0.0,,,,,,,,,,0.0,0.0,0.0,0.0
401,5146,,,,,,,,,,,0.0,,,,,,,,,,0.0,0.0,0.0,0.0
402,5147,,,,,,,,,,,0.0,,,,,,,,,,0.0,0.0,0.0,0.0
403,5148,,,,,,,,,,,,,,,,,0.0,,,,0.0,0.0,0.0,0.0
404,5149,,,,,,,,,,,,,,,,,0.0,,,,0.0,0.0,0.0,0.0
405,5151,,,,,,,,,,,,0.0,,,,,,,,,0.0,0.0,0.0,0.0
406,5155,,,,0.0,,,,,,,,,,,,,,,,,0.0,0.0,0.0,0.0
407,5156,,,,0.0,,,,,,,,,,,,,,,,,0.0,0.0,0.0,0.0
408,5157,,,,0.0,,,,,,,,,,,,,,,,,0.0,0.0,0.0,0.0
409,5158,,,,,,,,,,,,0.0,,,,,,,,,0.0,0.0,0.0,0.0
410,5159,,,,,,,,,,,,0.0,,,,,,,,,0.0,0.0,0.0,0.0
411,5161,,,,0.0,,,,,,,,,,,,,,,,,0.0,0.0,0.0,0.0
412,5162,,,,0.0,,,,,,,,,,,,,,,,,0.0,0.0,0.0,0.0
413,5164,,,,0.0,,,,,,,,,,,,,,,,,0.0,0.0,0.0,0.0
414,5165,,,,,,,,,,,,0.0,,,,,,,,,0.0,0.0,0.0,0.0
415,5166,,,,0.0,,,,,,,,,,,,,,,,,0.0,0.0,0.0,0.0
416,5167,,,,,,,,,,,,0.0,,,,,,,,,0.0,0.0,0.0,0.0
417,5168,,,,,,,,,,,,,,,,,0.0,,,,0.0,0.0,0.0,0.0
418,5170,,,,0.0,,,,,,,,,,,,,,,,,0.0,0.0,0.0,0.0
419,5171,,,,0.0,,,,,,,,,,,,,,,,,0.0,0.0,0.0,0.0
420,5174,,,,,,,,,,,0.3,,,,,,,,,,0.0,0.0,0.0,0.3
421,5175,,,,,,,,,,,0.0,,,,,,,,,,0.0,0.0,0.0,0.0
422,5176,,,,,,,,,,,0.0,,,,,,,,,,0.0,0.0,0.0,0.0
423,5178,,,,1.5,,,,,,,,,,,,,,,,,0.0,0.0,0.0,1.5
424,5179,,,,,,,,,,,,,,,,,,,,,0.0,0.0,0.0,0.0
425,5180,,,,,,,,,,,,0.0,,,,,,,,,0.0,0.0,0.0,0.0
426,5181,,,,,,,,,,,,0.0,,,,,,,,,0.0,0.0,0.0,0.0
427,5182,,,,0.0,,,,,,,,,,,,,,,,,0.0,0.0,0.0,0.0
428,5183,,,,0.0,,,,,,,,,,,,,,,,,0.0,0.0,0.0,0.0
430,5185,,,,,,,,,,,,0.0,,,,,,,,,0.0,0.0,0.0,0.0
431,5186,,,,,,,,,,,,0.0,,,,,,,,,0.0,0.0,0.0,0.0
432,5191,,,,,,,,,,,,,,,,,0.0,,,,0.0,0.0,0.0,0.0
433,5193,,,,,,,,,,,,,,,,,0.0,,,,0.0,0.0,0.0,0.0
434,5194,,,,,,,,,,,,0.0,,,,,,,,,0.0,0.0,0.0,0.0
435,5195,,,,,,,,,,,,,,0.0,,,,,,,0.0,0.0,0.0,0.0
436,5196,,,,,,,,,,,,0.0,,,,,,,,,0.0,0.0,0.0,0.0
437,5199,,,,0.0,,,,,,,,,,,,,,,,,0.0,0.0,0.0,0.0
438,5200,,,,0.0,,,,,,,,,,,,,,,,,0.0,0.0,0.0,0.0
439,5201,,,,0.0,,,,,,,,,,,,,,,,,0.0,0.0,0.0,0.0
440,5202,,,,0.0,,,,,,,,,,,,,,,,,0.0,0.0,0.0,0.0
441,5204,,,,,,,,,,,,,,,,,,,,,0.0,0.0,0.0,0.0
442,5205,,,,0.0,,,,,,,,,,,,,,,,,0.0,0.0,0.0,0.0
443,5209,,,,,,,,,,,,,,,,,0.0,,,,0.0,0.0,0.0,0.0
444,5212,,,,0.0,,,,,,,,,,,,,,,,,0.0,0.0,0.0,0.0
445,5214,,,,,,,,,,,,,,,,,0.0,,,,0.0,0.0,0.0,0.0
446,5215,,,,0.0,,,,,,,,,,,,,,,,,0.0,0.0,0.0,0.0
447,5217,,,,0.0,,,,,,,,,,,,,,,,,0.0,0.0,0.0,0.0
448,5218,,,,,,,,,,,,,,,,,0.0,,,,0.0,0.0,0.0,0.0
449,5219,,,,,,,,,,,,0.15,,,,,,,,,0.0,0.0,0.0,0.15
450,5220,,,,,,,,,,,,,,,,,,,,,0.0,0.0,0.0,0.0
451,5221,,,,,,,,,,,,0.0,,,,,,,,,0.0,0.0,0.0,0.0
452,5222,,,,,,,,,,,,0.0,,,,,,,,,0.0,0.0,0.0,0.0
453,5224,,,,0.081,,,,,,,,,,,,,,,,,0.0,0.0,0.0,0.081
454,5226,,,,,,,,,,,,0.0,,,,,,,,,0.0,0.0,0.0,0.0
455,5227,,,,,,,,,,,,,,0.3,,,,,,,0.0,0.0,0.0,0.3
456,5229,,,,,,,,,,,,,,,,,0.0,,,,0.0,0.0,0.0,0.0
457,5230,,,,,,,,,,,,,,0.0,,,,,,,0.0,0.0,0.0,0.0
458,5231,,,,,,,,,,,,,,,,,0.0,,,,0.0,0.0,0.0,0.0
459,5232,,,,,,,,,,,,,,,,,0.0,,,,0.0,0.0,0.0,0.0
460,5233,,,,,,,,,,,,,,,,,0.0,,,,0.0,0.0,0.0,0.0
461,5234,,,,,,,,,,,,,,,,,0.0,,,,0.0,0.0,0.0,0.0
462,5236,,,,,,,,,,,,,,,,,0.0,,,,0.0,0.0,0.0,0.0
713,7020,,,,,,,,,,,,,,,,,,,,,0.0,0.0,0.0,0.0
463,5237,,,,,,,,,,,,0.0,,,,,,,,,0.0,0.0,0.0,0.0
464,5238,,,,,,,,,,,,,,0.0,,,,,,,0.0,0.0,0.0,0.0
465,5244,,,,,,,,,,,,0.0,,,,,,,,,0.0,0.0,0.0,0.0
466,5246,,,,,,,,,,,,,,0.0,,,,,,,0.0,0.0,0.0,0.0
467,5248,,,,,,,,,,,,0.0,,,,,,,,,0.0,0.0,0.0,0.0
468,5249,,,,0.0,,,,,,,,,,,,,,,,,0.0,0.0,0.0,0.0
469,5253,,,,0.5,,,,,,,,,,,,,,,,,0.0,0.0,0.0,0.5
470,5254,,,,,,,,,,,,,,,,,,,,,0.0,0.0,0.0,0.0
471,5255,,,,,,,,,,,,,,,,,,,,,0.0,0.0,0.0,0.0
472,5256,,,,,,,,,,,,,,,,,,,,,0.0,0.0,0.0,0.0
473,5257,,,,,,,,,,,,,,,,,0.0,,,,0.0,0.0,0.0,0.0
474,5259,,,,,,,,,,,,,,,,,0.0,,,,0.0,0.0,0.0,0.0
475,5260,,,,0.0,,,,,,,,,,,,,,,,,0.0,0.0,0.0,0.0
476,5261,,,,,,,,,,,,,,,,,,,,,0.0,0.0,0.0,0.0
477,5262,,,,,,,,,,,,0.0,,,,,,,,,0.0,0.0,0.0,0.0
478,5264,,,,,,,,,,,,,,0.0,,,,,,,0.0,0.0,0.0,0.0
479,5265,,,,0.0,,,,,,,,,,,,,,,,,0.0,0.0,0.0,0.0
480,5266,,,,,,,,,,,,0.0,,,,,,,,,0.0,0.0,0.0,0.0
481,5267,,,,0.51,,,,,,,,,,,,,,,,,0.0,0.0,0.0,0.51
482,5268,,,,0.0,,,,,,,,,,,,,,,,,0.0,0.0,0.0,0.0
483,5269,,,,,,,,,,,,,,,,,,,,,0.0,0.0,0.0,0.0
484,5270,,,,,,,,,,,,,,,,,,,,,0.0,0.0,0.0,0.0
485,5271,,,,0.0,,,,,,,,,,,,,,,,,0.0,0.0,0.0,0.0
486,5272,,,,,,,,,,,,,,,,,,,,,0.0,0.0,0.0,0.0
487,5273,,,,,,,,,,,,,,0.0,,,,,,,0.0,0.0,0.0,0.0
488,5274,,,,,,,,,,,,,,,,,0.0,,,,0.0,0.0,0.0,0.0
489,5276,,,,,,,,,,,,,,,,,0.0,,,,0.0,0.0,0.0,0.0
490,5277,,,,,,,,,,,,0.0,,,,,,,,,0.0,0.0,0.0,0.0
491,5278,,,,,,,,,,,,0.0,,,,,,,,,0.0,0.0,0.0,0.0
492,5279,,,,,,,,,,,,0.0,,,,,,,,,0.0,0.0,0.0,0.0
493,5281,,,,,,,,,,,,0.0,,,,,,,,,0.0,0.0,0.0,0.0
494,5284,,,,,,,,,,,,0.0,,,,,,,,,0.0,0.0,0.0,0.0
495,5285,,,,0.261,,,,,,,,,,,,,,,,,0.0,0.0,0.0,0.261
496,5286,,,,0.0,,,,,,,,,,,,,,,,,0.0,0.0,0.0,0.0
497,5287,,,,,,,,,,,,,,,,,,,,,0.0,0.0,0.0,0.0
498,5288,,,,0.0,,,,,,,,,,,,,,,,,0.0,0.0,0.0,0.0
499,5289,,,,,,,,,,,,,,,,,0.0,,,,0.0,0.0,0.0,0.0
500,5290,,,,,,,,,,,,0.0,,,,,,,,,0.0,0.0,0.0,0.0
501,5291,,,,,,,,,,,,,,,,,0.0,,,,0.0,0.0,0.0,0.0
502,5293,,,,2.43,,,,,,,,,1.21,,,,,,,,0.0,0.0,0.0,3.64
503,5294,,,,0.117,,,,,,,,,,,,,,,,,0.0,0.0,0.0,0.117
504,5296,,,,,,,,,,,0.0,,,,,,,,,,0.0,0.0,0.0,0.0
505,5298,,,,,,,,,,,,,,,,,0.0,,,,0.0,0.0,0.0,0.0
506,5299,,,,,,,,,,,,,,,,,0.0,,,,0.0,0.0,0.0,0.0
507,5300,,,,,,,,,,,,,,,,,0.0,,,,0.0,0.0,0.0,0.0
508,5301,,,,,,,,,,,,,,,,,0.0,,,,0.0,0.0,0.0,0.0
509,5302,,,,,,,,,,,,,,,,,0.0,,,,0.0,0.0,0.0,0.0
510,5303,,,,,,,,,,,,,,,,,0.0,,,,0.0,0.0,0.0,0.0
511,5304,,,,,,,,,,,,,,,,,0.0,,,,0.0,0.0,0.0,0.0
512,5306,,,,,,,,,,,,,,,,,0.0,,,,0.0,0.0,0.0,0.0
513,5307,,,,0.0,,,,,,,,,,,,,,,,,0.0,0.0,0.0,0.0
514,5309,,,,0.37,,,,,,,,,,,,,,,,,0.0,0.0,0.0,0.37
515,5310,,,,,,,,,,,,,,,,,0.0,,,,0.0,0.0,0.0,0.0
516,5311,,,,,,,,,,,,,,,,,0.0,,,,0.0,0.0,0.0,0.0
517,5312,,,,,,,,,,,,,,1.3,,,,,,,0.0,0.0,0.0,1.3
518,5313,,,,,,,,,,,,,,,,,0.0,,,,0.0,0.0,0.0,0.0
519,5314,,,,,,,,,,,,,,0.0,,,,,,,0.0,0.0,0.0,0.0
520,5315,,,,,,,,,,,,,,,,,0.0,,,,0.0,0.0,0.0,0.0
521,5316,,,,,,,,,,,,,,,,,0.0,,,,0.0,0.0,0.0,0.0
522,5318,,,,0.0,,,,,,,,,,,,,,,,,0.0,0.0,0.0,0.0
523,5319,,,,0.0,,,,,,,,,,,,,,,,,0.0,0.0,0.0,0.0
524,5320,,,,0.0,,,,,,,,,,,,,,,,,0.0,0.0,0.0,0.0
525,5323,,,,,,,,,,,,,,,,,,,,,0.0,0.0,0.0,0.0
526,5324,,,,,,,,,,,,,,,,,,,,,0.0,0.0,0.0,0.0
527,5326,,,,,,,,,,,,,,0.0,,,,,,,0.0,0.0,0.0,0.0
528,7000,,,,,,,,,,2.2,,,,,,,,,,,0.0,0.0,0.0,2.2
529,7101,,,,,,,,,,,,,,,2.62,,,,,,0.0,0.0,0.0,2.62
530,7102,,,,,,,,,,,,,,,1.6236,,,,,,0.0,0.0,0.0,1.6236
531,7103,,,,,,,,,,,,,,,0.3,,,,,,0.0,0.0,0.0,0.3
532,7104,,,,,,,,,,,,,,,0.1,,,,,,0.0,0.0,0.0,0.1
533,7105,,,,,,,,,,,,,,,0.1,,,,,,0.0,0.0,0.0,0.1
534,7106,,,,,,,,,,,,,,,,,,,,0.1,0.0,0.0,0.0,0.1
535,7107,,,,,,,,,,,,,,,2.0,,,,,,0.0,0.0,0.0,2.0
536,7108,,,,,,,,,,,,,,,0.5,,,,,,0.0,0.0,0.0,0.5
537,7109,,1.0,,,,,,,,,,,,,,,,,,,0.0,0.0,0.0,1.0
538,7150,,,1.17,,,,,,,,,,,,0.18,,,,,,0.0,0.0,0.0,1.35
539,7201,,,,,,,,,,,,,,2.25,,,6.75,,,,0.0,0.0,0.0,9.0
540,7202,,,,,,,,,,,,,,2.05,,,6.15,,,,0.0,0.0,0.0,8.2
541,7203,,0.1,,,,,,,,,,,,,,,,,,,0.0,0.0,0.0,0.1
542,7301,,,,,,,,,,,,,,0.5,,,1.5,,,,0.0,0.0,0.0,2.0
543,7302,,0.25,,,,,,,,,,,,,,,,,,,0.0,0.0,0.0,0.25
544,7303,,,,,,,,,,,,,,0.0625,,,0.1875,,,,0.0,0.0,0.0,0.25
545,7304,,1.0,,,,,,,,,,,,,,,,,,,0.0,0.0,0.0,1.0
546,7305,,,,,,,,,,,,,,0.915,,,2.745,,,,0.0,0.0,0.0,3.66
547,7401,,,,2.0,,,,,,,,,,,,,,,,,0.0,0.0,0.0,2.0
548,7402,,,,1.0,,,,,,,,,,,,,,,,,0.0,0.0,0.0,1.0
549,7403,,,,1.9,,,,,,,,,,,,,,,,,0.0,0.0,0.0,1.9
550,7404,,,,0.5,,,,,,,,,,,,,,,,,0.0,0.0,0.0,0.5
551,7501,,10.0,,,,,,,,,,,,,,,,,,,0.0,0.0,0.0,10.0
552,7502,,,,5.5998,,,,,,,,,,,,,,,,,0.0,0.0,0.0,5.5998
553,7503,,2.519,,19.385,,,,,,,,,,,,,,,,,0.0,0.0,0.0,21.9043
554,7504,,0.512,,0.088,,,,,,,,,,,,,,,,,0.0,0.0,0.0,0.6
555,7505,,,,,,,,,,,,,,3.5,,,,,,,0.0,0.0,0.0,3.5
556,7506,,,,,,,,,,,,,,0.5,,,1.5,,,,0.0,0.0,0.0,2.0
557,7507,,0.5,,,,,,,,,,,,,,,,,,,0.0,0.0,0.0,0.5
558,7601,,1.25,,,,,,,,,,,,,,,,,,,0.0,0.0,0.0,1.25
559,7602,,0.75,,,,,,,,,,,,,,,,,,,0.0,0.0,0.0,0.75
560,7603,,1.0,,,,,,,,,,,,,,,,,,,0.0,0.0,0.0,1.0
561,7604,,1.6,,,,,,,,,,,,,,,,,,,0.0,0.0,0.0,1.6
562,7605,,6.6,,,,,,,,,,,,,,,,,,,0.0,0.0,0.0,6.6
563,7606,,0.4,,,,,,,,,,,,,,,,,,,0.0,0.0,0.0,0.4
564,7607,,0.46,,,,,,,,,,,,,,,,,,,0.0,0.0,0.0,0.46
565,7608,,2.9,,,,,,,,,,,,,,,,,,,0.0,0.0,0.0,2.9
566,7609,,6.0,,,,,,,,,,,,,,,,,,,0.0,0.0,0.0,6.0
567,7610,,0.14,,,,,,,,,,,,,,,,,,,0.0,0.0,0.0,0.14
568,7611,,0.09,,,,,,,,,,,,,,,,,,,0.0,0.0,0.0,0.09
569,7612,,0.4,,,,,,,,,,,,,,,,,,,0.0,0.0,0.0,0.4
570,7613,,4.0392,,,,,,,,,,,,,,,,,,,0.0,0.0,0.0,4.0392
571,7614,,1.0125,,,,,,,,,,,,,,,,,,,0.0,0.0,0.0,1.0125
572,7615,,-9.0,,,,,,,,,,,,,,,,,,,0.0,0.0,0.0,-9.0
573,7701,,38.2801,,,,,,,,,,,,,,,,,,,0.0,0.0,0.0,38.2801
574,7702,,,,15.086,,,,,,,,,,43.84,,,,,,,0.0,0.0,0.0,58.926
575,7703,,6.9,,,,,,,,,,,,,,,,,,,0.0,0.0,0.0,6.9
576,7801,,0.4,,,,,,,,,,,,,,,,,,,0.0,0.0,0.0,0.4
577,7802,,2.2,,,,,,,,,,,,,,,,,,,0.0,0.0,0.0,2.2
578,7803,,2.1,,,,,,,,,,,,,,,,,,,0.0,0.0,0.0,2.1
579,7804,,2.4,,,,,,,,,,,,,,,,,,,0.0,0.0,0.0,2.4
580,7805,,0.024,,,,,,,,,,,,,,0.096,,,,,0.0,0.0,0.0,0.12
581,7806,,,,,,,,,,,,,,,,,0.6,,,,0.0,0.0,0.0,0.6
582,7807,,0.12,,,,,,,,,,,,,,,,,,,0.0,0.0,0.0,0.12
583,7808,,0.6937,,,,,,,,,,,,,,2.7746,,,,,0.0,0.0,0.0,3.4683
584,7809,,0.13,,,,,,,,,,,,,,,,,,,0.0,0.0,0.0,0.13
585,7810,,,,,,,,,,,,,,1.3378,,,,,,,0.0,0.0,0.0,1.3378
586,7811,,0.4,,,,,,,,,,,,,,1.4,,,,0.12,0.0,0.0,0.0,1.92
587,7901,,,,,,0.35,,,,,,,,,,,,,,,0.0,0.0,0.0,0.35
588,7902,,,,,,2.5,,,,,,,,,,,,,,,0.0,0.0,0.0,2.5
589,7903,,,,,,1.0,,,,,,,,,,,,,,,0.0,0.0,0.0,1.0
590,7904,,,,,,0.0,,,,,,,,,,,,,,,0.0,0.0,0.0,0.0
591,7905,,,,,,0.0,,,,,,,,,,,,,,,0.0,0.0,0.0,0.0
592,7906,,,,,,0.4,,,,,,,,,,,,,,,0.0,0.0,0.0,0.4
593,7907,,,,,,0.0,,,,,,,,,,,,,,,0.0,0.0,0.0,0.0
594,8000,,,,,,,,,,,,,,,,,,,,,0.0,0.0,0.0,0.0
595,9001,,,,0.0,,,,,,,,,,,,,,,,,0.0,0.0,0.0,0.0
596,9002,,,,0.0,,,,,,,,,,,,,,,,,0.0,0.0,0.0,0.0
597,9003,,,,0.0,,,,,,,,,,,,,,,,,0.0,0.0,0.0,0.0
598,9005,,,,0.0,,,,,,,,,,,,,,,,,0.0,0.0,0.0,0.0
599,9007,,,,2.09,,,,,,,,,,,,,,,,,0.0,0.0,0.0,2.09
600,9011,,,,0.5,,,,,,,,,,,,,,,,,0.0,0.0,0.0,0.5
601,9012,,,,0.0,,,,,,,,,,,,,,,,,0.0,0.0,0.0,0.0
602,9013,,,,0.0,,,,,,,,,,,,,,,,,0.0,0.0,0.0,0.0
603,9201,,,,,,,,,,,,,,0.7,,,,,,,0.0,0.0,0.0,0.7
604,9202,,,,,,,,,,,,,,0.0,,,,,,,0.0,0.0,0.0,0.0
605,9203,,,,,,,,,,,,,,,,,0.0,,,,0.0,0.0,0.0,0.0
606,9204,,,,,,,,,,,,,,0.0,,,,,,,0.0,0.0,0.0,0.0
607,9205,,,,,,,,,,,,,,0.0,,,,,,,0.0,0.0,0.0,0.0
608,9300,,,,0.0,,,,,,,,,,,,,,,,,0.0,0.0,0.0,0.0
609,9301,,,,1.2,,,,,,,,,,,,,,,,,0.0,0.0,0.0,1.2
610,9302,,,,0.0,,,,,,,,,,,,,,,,,0.0,0.0,0.0,0.0
611,9303,,,,0.0,,,,,,,,,,,,,,,,,0.0,0.0,0.0,0.0
612,9304,,,,0.0,,,,,,,,,,,,,,,,,0.0,0.0,0.0,0.0
613,9305,,,,0.0,,,,,,,,,,,,,,,,,0.0,0.0,0.0,0.0
614,9306,,,,0.0,,,,,,,,,,,,,,,,,0.0,0.0,0.0,0.0
615,9307,,,,0.0,,,,,,,,,,,,,,,,,0.0,0.0,0.0,0.0
616,9308,,,,0.0,,,,,,,,,,,,,,,,,0.0,0.0,0.0,0.0
618,9501,,,,,,,,,,,,,,,,,0.0,,,,0.0,0.0,0.0,0.0
619,9502,,,,,,,,,,,,,,,,,0.0,,,,0.0,0.0,0.0,0.0
620,9503,,,,,,,,,,,,,,,,,0.0,,,,0.0,0.0,0.0,0.0
621,9504,,,,,,,,,,,,,,0.0,,,,,,,0.0,0.0,0.0,0.0
622,11001,,,,,,,,,,,,,,,,,,,3.0,,0.0,0.0,0.0,3.0
623,11003,,,,,,,,,,,,,,,,1.9,,,,0.55,0.0,0.0,0.0,2.45
624,1356,,,,,,,,,,,,,,,,,,,,,0.0,0.0,0.0,0.0
625,7151,,,,,,,,,,,,,,,,,,,,,0.0,0.0,0.0,0.0
626,9010,,,,,,,,,,,,,,,,,,,,,0.0,0.0,0.0,0.0
627,1438,,,,,,,,,,,,,,,,,,,,,0.0,0.0,0.0,0.0
628,1447,,,,,,,,,,,,,,,,,,,,,0.0,0.0,0.0,0.0
629,5003,,,,,,,,,,,,,,,,,,,,,0.0,0.0,0.0,0.0
630,5006,,,,,,,,,,,,,,,,,,,,,0.0,0.0,0.0,0.0
631,5012,,,,,,,,,,,,,,,,,,,,,0.0,0.0,0.0,0.0
632,5013,,,,,,,,,,,,,,,,,,,,,0.0,0.0,0.0,0.0
633,5016,,,,,,,,,,,,,,,,,,,,,0.0,0.0,0.0,0.0
634,5017,,,,,,,,,,,,,,,,,,,,,0.0,0.0,0.0,0.0
635,5020,,,,,,,,,,,,,,,,,,,,,0.0,0.0,0.0,0.0
636,5037,,,,,,,,,,,,,,,,,,,,,0.0,0.0,0.0,0.0
637,5042,,,,,,,,,,,,,,,,,,,,,0.0,0.0,0.0,0.0
638,5043,,,,,,,,,,,,,,,,,,,,,0.0,0.0,0.0,0.0
639,5047,,,,,,,,,,,,,,,,,,,,,0.0,0.0,0.0,0.0
640,5059,,,,,,,,,,,,,,,,,,,,,0.0,0.0,0.0,0.0
641,5062,,,,,,,,,,,,,,,,,,,,,0.0,0.0,0.0,0.0
642,5063,,,,,,,,,,,,,,,,,,,,,0.0,0.0,0.0,0.0
643,5064,,,,,,,,,,,,,,,,,,,,,0.0,0.0,0.0,0.0
644,5065,,,,,,,,,,,,,,,,,,,,,0.0,0.0,0.0,0.0
645,5066,,,,,,,,,,,,,,,,,,,,,0.0,0.0,0.0,0.0
646,5068,,,,,,,,,,,,,,,,,,,,,0.0,0.0,0.0,0.0
647,5073,,,,,,,,,,,,,,,,,,,,,0.0,0.0,0.0,0.0
648,5079,,,,,,,,,,,,,,,,,,,,,0.0,0.0,0.0,0.0
649,5080,,,,,,,,,,,,,,,,,,,,,0.0,0.0,0.0,0.0
650,5081,,,,,,,,,,,,,,,,,,,,,0.0,0.0,0.0,0.0
651,5082,,,,,,,,,,,,,,,,,,,,,0.0,0.0,0.0,0.0
652,5084,,,,,,,,,,,,,,,,,,,,,0.0,0.0,0.0,0.0
653,5093,,,,,,,,,,,,,,,,,,,,,0.0,0.0,0.0,0.0
654,5094,,,,,,,,,,,,,,,,,,,,,0.0,0.0,0.0,0.0
655,5110,,,,,,,,,,,,,,,,,,,,,0.0,0.0,0.0,0.0
656,5111,,,,,,,,,,,,,,,,,,,,,0.0,0.0,0.0,0.0
657,5113,,,,,,,,,,,,,,,,,,,,,0.0,0.0,0.0,0.0
658,5118,,,,,,,,,,,,,,,,,,,,,0.0,0.0,0.0,0.0
659,5124,,,,,,,,,,,,,,,,,,,,,0.0,0.0,0.0,0.0
660,5127,,,,,,,,,,,,,,,,,,,,,0.0,0.0,0.0,0.0
661,5132,,,,,,,,,,,,,,,,,,,,,0.0,0.0,0.0,0.0
662,5150,,,,,,,,,,,,,,,,,,,,,0.0,0.0,0.0,0.0
663,5153,,,,,,,,,,,,,,,,,,,,,0.0,0.0,0.0,0.0
664,5163,,,,,,,,,,,,,,,,,,,,,0.0,0.0,0.0,0.0
665,5188,,,,,,,,,,,,,,,,,,,,,0.0,0.0,0.0,0.0
666,5189,,,,,,,,,,,,,,,,,,,,,0.0,0.0,0.0,0.0
667,5192,,,,,,,,,,,,,,,,,,,,,0.0,0.0,0.0,0.0
668,5198,,,,,,,,,,,,,,,,,,,,,0.0,0.0,0.0,0.0
669,5203,,,,,,,,,,,,,,,,,,,,,0.0,0.0,0.0,0.0
670,5206,,,,,,,,,,,,,,,,,,,,,0.0,0.0,0.0,0.0
671,5207,,,,,,,,,,,,,,,,,,,,,0.0,0.0,0.0,0.0
672,5208,,,,,,,,,,,,,,,,,,,,,0.0,0.0,0.0,0.0
673,5210,,,,,,,,,,,,,,,,,,,,,0.0,0.0,0.0,0.0
674,5211,,,,,,,,,,,,,,,,,,,,,0.0,0.0,0.0,0.0
675,5223,,,,,,,,,,,,,,,,,,,,,0.0,0.0,0.0,0.0
676,5235,,,,,,,,,,,,,,,,,,,,,0.0,0.0,0.0,0.0
677,5239,,,,,,,,,,,,,,,,,,,,,0.0,0.0,0.0,0.0
678,5243,,,,,,,,,,,,,,,,,,,,,0.0,0.0,0.0,0.0
679,5245,,,,,,,,,,,,,,,,,,,,,0.0,0.0,0.0,0.0
680,5247,,,,,,,,,,,,,,,,,,,,,0.0,0.0,0.0,0.0
681,5250,,,,,,,,,,,,,,,,,,,,,0.0,0.0,0.0,0.0
682,5251,,,,,,,,,,,,,,,,,,,,,0.0,0.0,0.0,0.0
683,5252,,,,,,,,,,,,,,,,,,,,,0.0,0.0,0.0,0.0
684,5263,,,,,,,,,,,,,,,,,,,,,0.0,0.0,0.0,0.0
685,5275,,,,,,,,,,,,,,,,,,,,,0.0,0.0,0.0,0.0
686,5280,,,,,,,,,,,,,,,,,,,,,0.0,0.0,0.0,0.0
688,5292,,,,,,,,,,,,,,,,,,,,,0.0,0.0,0.0,0.0
689,5295,,,,,,,,,,,,,,,,,,,,,0.0,0.0,0.0,0.0
690,5308,,,,,,,,,,,,,,,,,,,,,0.0,0.0,0.0,0.0
691,9004,,,,,,,,,,,,,,,,,,,,,0.0,0.0,0.0,0.0
692,9006,,,,,,,,,,,,,,,,,,,,,0.0,0.0,0.0,0.0
693,9008,,,,,,,,,,,,,,,,,,,,,0.0,0.0,0.0,0.0
694,9009,,,,,,,,,,,,,,,,,,,,,0.0,0.0,0.0,0.0
695,9401,,0.0,0.0,0.0,0.0,0.0,0.0,0.0,0.0,0.0,0.0,0.0,0.0,0.0,0.0,0.0,0.8312,0.0,0.0,0.0,0.0,0.0,0.0,0.8312
696,9402,,0.0,0.0,0.0,0.0,0.0,0.0,0.0,0.0,0.0,0.0,0.0,0.0,0.0,0.0,0.0,0.7188,0.0,0.0,0.0,0.0,0.0,0.0,0.7188
697,9403,,0.0,0.0,0.0,0.0,0.0,0.0,0.0,0.0,0.0,0.0,0.0,0.0,0.9875,0.0,0.0,0.0,0.0,0.0,0.0,0.0,0.0,0.0,0.9875
698,9404,,0.0,0.0,0.0,0.0,0.0,0.0,0.0,0.0,0.0,0.0,0.0,0.0,0.0,0.0,0.0,0.7812,0.0,0.0,0.0,0.0,0.0,0.0,0.7812
699,9405,,0.0,0.0,0.0,0.0,0.0,0.0,0.0,0.0,0.0,0.0,0.0,0.0,0.0,0.0,0.0,0.8312,0.0,0.0,0.0,0.0,0.0,0.0,0.8312
700,9601,,0.0,0.0,0.0,0.0,0.0,0.0,,0.0,0.0,0.0,1.4,0.0,0.0,0.0,0.0,0.3,0.0,0.0,,0.0,0.0,0.0,1.7
701,9602,,0.0,0.0,0.0,0.0,0.0,0.0,,0.0,0.0,0.0,0.71,0.0,0.0,0.0,0.0,0.0,0.0,0.0,,0.0,0.0,0.0,0.71
702,9603,,0.0,0.0,0.0,0.0,0.0,0.0,,0.0,0.0,0.0,0.0,,0.0,0.0,0.0,1.34,0.0,0.0,,0.0,0.0,0.0,1.34
703,9604,,0.0,0.0,0.0,0.0,0.0,0.0,,0.0,0.0,0.0,0.75,,0.0,0.0,0.0,0.0,0.0,0.0,,0.0,0.0,0.0,0.75
704,9605,,0.0,0.0,0.0,0.0,0.0,0.0,,0.0,0.0,0.0,0.0,,0.0,0.0,0.0,1.06,0.0,0.0,,0.0,0.0,0.0,1.06
705,9607,,0.0,0.0,0.0,0.0,0.0,0.0,,0.0,0.0,0.0,0.0,,0.0,0.0,0.0,0.67,0.0,0.0,,0.0,0.0,0.0,0.67
706,9608,,0.0,0.0,0.0,0.0,0.0,0.0,,0.0,0.0,0.0,0.94,,0.0,0.0,0.0,0.0,0.0,0.0,,0.0,0.0,0.0,0.94
707,9609,,0.0,0.0,0.0,0.0,0.0,0.0,,0.0,0.0,0.0,1.8,,0.0,0.0,0.0,0.0,0.0,0.0,,0.0,0.0,0.0,1.8
708,9610,,0.0,0.0,0.0,0.0,0.0,0.0,,0.0,0.0,0.0,0.0,,0.0,0.0,0.0,0.02,0.0,0.0,,0.0,0.0,0.0,0.02
709,9611,,0.0,0.0,0.0,0.0,0.0,0.0,,0.0,0.0,0.0,1.54,,0.0,0.0,0.0,0.0,0.0,0.0,,0.0,0.0,0.0,1.54
710,9612,,0.0,0.0,0.0,0.0,0.0,0.0,,0.0,0.0,0.0,0.94,,0.0,0.0,0.0,0.0,0.0,0.0,,0.0,0.0,0.0,0.94
711,9613,,0.0,0.0,0.0,0.0,0.0,0.0,,0.0,0.0,0.0,0.0,,0.0,0.0,0.0,0.04,0.0,0.0,,0.0,0.0,0.0,0.04
712,9614,,0.0,0.0,0.0,0.0,0.0,0.0,,0.0,0.0,0.0,0.63,0.0,0.0,0.0,0.0,0.0,0.0,0.0,,0.0,0.0,0.0,0.63
714,5184,,,0.43,1.07,,,,,,,,,,,,,,,,,0.0,0.0,0.0,1.5
715,2002,,,,,,,,,,,,,,,,,,,,,0.0,0.0,0.0,0.0
716,2006,,,,,,,,,,,,,,,,,,,,,0.0,0.0,0.0,0.0
717,2007,,,,,,,,,,,,,,,,,,,,,0.0,0.0,0.0,0.0
69,802,,,,,,,,,,,,,,,,,,,,,0.0,0.0,0.0,0.0
70,801,,,8.0,,,,,,,,,,,,,,,,,,0.0,0.0,0.0,8.0
71,813,,,,,,,,,,,,,,,,,,5.359,,,0.0,0.0,0.0,5.3588
72,814,,,,,,,,,,,,,,,,,,,,,0.0,0.0,0.0,0.0
73,883,,,,,,,,,,,,,,,,,,,,,0.0,0.0,0.0,0.0
74,815,,,,,,,,,,,,,,,,,5.189,,,,0.0,0.0,0.0,5.1889
75,884,,,,,,,,,,3.5,,,,,,,,,,,0.0,0.0,0.0,3.5
76,816,,,,,,,,,,,,,,,,,,,,,0.0,0.0,0.0,0.0
77,817,,,,,,,,,,,,,,,,,,,,,0.0,0.0,0.0,0.0
78,885,,,,,,,,,,,,,,,,,,,,,0.0,0.0,0.0,0.0
79,886,,,,,,,,,,1.0,,,,,,,,,,,0.0,0.0,0.0,1.0
80,818,,,,3.534,,,,,,,,,,0.0,,,,,,,0.0,0.0,0.0,3.5339
81,819,,,,,,,,,,,,,,,,,,,,,0.0,0.0,0.0,0.0
82,887,,,,,,,,,,,,,,,,,,,,,0.0,0.0,0.0,0.0
83,820,,,,,,,,,,,,,,,,,,,,,0.0,0.0,0.0,0.0
84,821,,,,,,,,,,,,,,,,,,,,,0.0,0.0,0.0,0.0
85,888,,,,,,,,,,1.8,,,,,,,,,,,0.0,0.0,0.0,1.8
86,889,,,,0.4,,,,,,1.6,,,,,,,,,,,0.0,0.0,0.0,2.0
87,822,,,,,,,,,,,,,,,,,,,,,0.0,0.0,0.0,0.0
88,823,,,,,,,,,,,,,,,,,,,,,0.0,0.0,0.0,0.0
89,824,,,,,,,,,,,,,,,,,,,,,0.0,0.0,0.0,0.0
90,825,,,1.558,,,,,,,,,,,4.831,,,1.401,,,,0.0,0.0,0.0,7.7898
91,826,,,,,,,,,,,,,,,,,,,,,0.0,0.0,0.0,0.0
92,827,,,1.288,,,,,,,,,,,,,,5.151,,,,0.0,0.0,0.0,6.4387
93,828,,,,,,,,,,,,,,7.051,,,,,,,0.0,0.0,0.0,7.0508
94,890,,,,,,,,,,,,,,,,,,,,,0.0,0.0,0.0,0.0
95,829,,,,,,,,,,,,,,6.0,,,1.062,,,,0.0,0.0,0.0,7.0625
96,830,,,,,,,,,,,,,,,,,0.998,,,,0.0,0.0,0.0,0.9982
97,831,,,,,,,,,,,,,,,,,,,,,0.0,0.0,0.0,0.0
98,832,,,,,,,,,,,,,,,,,,,,,0.0,0.0,0.0,0.0
99,833,,,,,,,,,,,,,,,,,4.851,,,,0.0,0.0,0.0,4.8506
100,834,,,,,,,,,,,,,,,,,,,,,0.0,0.0,0.0,0.0
101,835,,,,,,,,,,,,,,,,,,,,,0.0,0.0,0.0,0.0
102,836,,,,,,,,,,,,,,,,,,,,,0.0,0.0,0.0,0.0
103,837,,,,,,,,,,,,,,,,,,,,,0.0,0.0,0.0,0.0
104,838,,,,,,,,,,,,,,,,,,,,,0.0,0.0,0.0,0.0
105,921,,,,,,,,,,,,,,,,,,,,,0.0,0.0,0.0,0.0
106,922,,,,,,,,,,,,,,,,,,,,,0.0,0.0,0.0,0.0
107,841,,,1.311,,,,,,,,,,,5.242,,,,,,,0.0,0.0,0.0,6.5528
108,842,,,,,,,,,,,,,,,,,0.72,,,,0.0,0.0,0.0,0.7202
109,843,,,,,,,,,,,,,,0.23,,,,,,,0.0,0.0,0.0,0.2296
110,844,,,,,,,,,,,,,,,,,,,,,0.0,0.0,0.0,0.0
111,845,,,,,,,,,,,,,,,,,,,,,0.0,0.0,0.0,0.0
112,891,,,,,,,,,,1.0,,,,,,,,,,,0.0,0.0,0.0,1.0
113,846,,,,,,,,,,,,,,,,,,,,,0.0,0.0,0.0,0.0
114,892,,,,,,,,,,0.6,,,,,,,,,,,0.0,0.0,0.0,0.6
115,847,,,,,,,,,,,,,,,,,,,,,0.0,0.0,0.0,0.0
116,848,,,,,,,,,,,,,,,,,,,,,0.0,0.0,0.0,0.0
117,893,,,,,,,,,,2.0,,,,,,,,,,,0.0,0.0,0.0,2.0
118,849,,,0.16,,,,,,,,,,,0.0,,,0.328,0.314,,,0.0,0.0,0.0,0.8019
119,894,,,,,,,,,,,,,,,,,,,,,0.0,0.0,0.0,0.0
120,850,,,0.166,,,,,,,,,,,0.665,,,,,,,0.0,0.0,0.0,0.8309
121,851,,,,,,,,,,,,,,,,,,,,,0.0,0.0,0.0,0.0
122,852,,,,,,,,,,,,,,,,,,,,,0.0,0.0,0.0,0.0
123,853,,,,,,,,,,,,,,,,,,,,,0.0,0.0,0.0,0.0
124,854,,,,,,,,,,,,,,,,,,,,,0.0,0.0,0.0,0.0
125,855,,,,,,,,,,,,,,,,,,,,,0.0,0.0,0.0,0.0
126,856,,,,,,,,,,,,,,,,,,,,,0.0,0.0,0.0,0.0
127,857,,,,,,,,,,,,,,,,,,,,,0.0,0.0,0.0,0.0
128,858,,,,,,,,,,,,,,,,,,,,,0.0,0.0,0.0,0.0
129,859,,,,,,,,,,,,,,,,,,,,,0.0,0.0,0.0,0.0
130,860,,,,,,,,,,,,,,,,,,,,,0.0,0.0,0.0,0.0
131,861,,,,,,,,,,,,,,,,,,,,,0.0,0.0,0.0,0.0
132,862,,,1.233,,,,,,,,,,,4.93,,,,,,,0.0,0.0,0.0,6.1627
133,863,,,,,,,,,,,,,,,,,,,,,0.0,0.0,0.0,0.0
134,914,,,,,,,,,,,,,,,,,,,,,0.0,0.0,0.0,0.0
135,895,,,,,,,,,,,,,,,,,,,,,0.0,0.0,0.0,0.0
136,864,,,,,,,,,,,,,,,,,,,,,0.0,0.0,0.0,0.0
137,896,,,,,,,,,,,,,,,,,,,,,0.0,0.0,0.0,0.0
138,865,,,0.4,,,,,,,,,,,0.8,,,0.8,,,,0.0,0.0,0.0,2.0
139,866,,,,,,,,,,,,,,,,,,,,,0.0,0.0,0.0,0.0
140,915,,,,,,,,,,,,,,,,,,,,,0.0,0.0,0.0,0.0
141,916,,,,,,,,,,,,,,,,,,,,,0.0,0.0,0.0,0.0
142,897,,,,,,,,,,,,,,,,,,,,,0.0,0.0,0.0,0.0
143,917,,,,,,,,,,,,,,,,,,,,,0.0,0.0,0.0,0.0
144,868,,,,,,,,,,,,,,,,,,,,,0.0,0.0,0.0,0.0
145,898,,,,,,,,,,,,,,,,,,,,,0.0,0.0,0.0,0.0
146,899,,,,,,,,,,,,,,,,,,,,,0.0,0.0,0.0,0.0
147,900,,,,,,,,,,,,,,,,,,,,,0.0,0.0,0.0,0.0
148,918,,,,,,,,,,,,,,,,,,,,,0.0,0.0,0.0,0.0
149,901,,,,,,,,,,,,,,,,,,,,,0.0,0.0,0.0,0.0
150,902,,,,,,,,,,3.5,,,,,,,,,,,0.0,0.0,0.0,3.5
151,869,,,,,,,,,,,,,,,,,,,,,0.0,0.0,0.0,0.0
152,870,,,1.14,,,,,,,,,,,4.56,,,,,,,0.0,0.0,0.0,5.7
153,903,,,,,,,,,,,,,,,,,,,,,0.0,0.0,0.0,0.0
154,904,,,0.4,,,,,,,,,,,,,,,1.6,,,0.0,0.0,0.0,2.0
155,871,,,0.4,,,,,,,,,,,,,,1.6,,,,0.0,0.0,0.0,2.0
156,905,,,,,,,,,,4.0,,,,,,,,,,,0.0,0.0,0.0,4.0
157,872,,,,,,,,,,,,,,,,,,,,,0.0,0.0,0.0,0.0
158,873,,,,,,,,,,,,,,,,,,,,,0.0,0.0,0.0,0.0
159,874,,,,,,,,,,,,,,,,,,,,,0.0,0.0,0.0,0.0
160,906,,,,,,,,,,,,,,,,,,,,,0.0,0.0,0.0,0.0
161,907,,,,,,,,,,,,,,,,,,,,,0.0,0.0,0.0,0.0
162,908,,,,,,,,,,,,,,,,,,,,,0.0,0.0,0.0,0.0
163,875,,,,,,,,,,,,,,,,,,,,,0.0,0.0,0.0,0.0
164,876,,,,,,,,,,,,,,,,,,,,,0.0,0.0,0.0,0.0
165,920,,,,,,,,,,,,,,,,,,,,,0.0,0.0,0.0,0.0
166,877,,,,,,,,,,,,,,,,,,,,,0.0,0.0,0.0,0.0
167,910,,,,,,,,,,1.0,,,,,,,,,,,0.0,0.0,0.0,1.0
168,919,,,,,,,,,,,,,,,,,,,,,0.0,0.0,0.0,0.0
169,878,,,,,,,,,,,,,,,,,,,,,0.0,0.0,0.0,0.0
170,879,,,1.4,,,,,,,,,,,12.6,,,,,,,0.0,0.0,0.0,14.0
171,912,,,,,,,,,,13.1,,,,,,,,,,,0.0,0.0,0.0,13.1
172,880,,,1.297,,,,,,,,,,,5.187,,,,,,,0.0,0.0,0.0,6.4844
173,881,,,,,,,,,,,,,,,,,,,,,0.0,0.0,0.0,0.0
174,867,,,,,,,,,,,,,,,,,,,,,0.0,0.0,0.0,
175,911,,,,,,,,,,,,,,,,,,,,,0.0,0.0,0.0,
176,9500,,,,,,,,,,9.5,,,,,,,,,,,0.0,0.0,0.0,9.5
